target,concurrency,query_name,run_ts,latency_ms
lakebase,1,fund_performance_arena,2026-04-23T10:00:00,49
lakebase,1,fund_performance_arena,2026-04-23T09:59:55,37
lakebase,1,fund_performance_arena,2026-04-23T09:59:50,69
lakebase,1,fund_performance_arena,2026-04-23T09:59:45,42
lakebase,1,fund_performance_arena,2026-04-23T09:59:40,31
lakebase,1,fund_performance_arena,2026-04-23T09:59:35,54
lakebase,1,fund_performance_arena,2026-04-23T09:59:30,29
lakebase,1,fund_performance_arena,2026-04-23T09:59:25,82
lakebase,1,fund_performance_arena,2026-04-23T09:59:20,40
lakebase,1,fund_performance_arena,2026-04-23T09:59:15,68
lakebase,1,fund_performance_arena,2026-04-23T09:59:10,76
lakebase,1,fund_performance_arena,2026-04-23T09:59:05,89
lakebase,1,fund_performance_arena,2026-04-23T09:59:00,101
lakebase,1,fund_performance_arena,2026-04-23T09:58:55,38
lakebase,1,fund_performance_arena,2026-04-23T09:58:50,75
lakebase,1,fund_performance_arena,2026-04-23T09:58:45,75
lakebase,1,fund_performance_arena,2026-04-23T09:58:40,51
lakebase,1,fund_performance_arena,2026-04-23T09:58:35,35
lakebase,1,fund_performance_arena,2026-04-23T09:58:30,32
lakebase,1,fund_performance_arena,2026-04-23T09:58:25,32
lakebase,1,fund_performance_arena,2026-04-23T09:58:20,51
lakebase,1,fund_performance_arena,2026-04-23T09:58:15,40
lakebase,1,fund_performance_arena,2026-04-23T09:58:10,56
lakebase,1,fund_performance_arena,2026-04-23T09:58:05,21
lakebase,1,fund_performance_arena,2026-04-23T09:58:00,32
lakebase,1,fund_performance_arena,2026-04-23T09:57:55,50
lakebase,1,fund_performance_arena,2026-04-23T09:57:50,38
lakebase,1,fund_performance_arena,2026-04-23T09:57:45,62
lakebase,1,fund_performance_arena,2026-04-23T09:57:40,52
lakebase,1,fund_performance_arena,2026-04-23T09:57:35,71
lakebase,1,gl_monthly_by_arena_year,2026-04-23T10:00:00,74
lakebase,1,gl_monthly_by_arena_year,2026-04-23T09:59:55,94
lakebase,1,gl_monthly_by_arena_year,2026-04-23T09:59:50,147
lakebase,1,gl_monthly_by_arena_year,2026-04-23T09:59:45,83
lakebase,1,gl_monthly_by_arena_year,2026-04-23T09:59:40,47
lakebase,1,gl_monthly_by_arena_year,2026-04-23T09:59:35,121
lakebase,1,gl_monthly_by_arena_year,2026-04-23T09:59:30,58
lakebase,1,gl_monthly_by_arena_year,2026-04-23T09:59:25,113
lakebase,1,gl_monthly_by_arena_year,2026-04-23T09:59:20,60
lakebase,1,gl_monthly_by_arena_year,2026-04-23T09:59:15,59
lakebase,1,gl_monthly_by_arena_year,2026-04-23T09:59:10,49
lakebase,1,gl_monthly_by_arena_year,2026-04-23T09:59:05,122
lakebase,1,gl_monthly_by_arena_year,2026-04-23T09:59:00,90
lakebase,1,gl_monthly_by_arena_year,2026-04-23T09:58:55,64
lakebase,1,gl_monthly_by_arena_year,2026-04-23T09:58:50,97
lakebase,1,gl_monthly_by_arena_year,2026-04-23T09:58:45,126
lakebase,1,gl_monthly_by_arena_year,2026-04-23T09:58:40,128
lakebase,1,gl_monthly_by_arena_year,2026-04-23T09:58:35,79
lakebase,1,gl_monthly_by_arena_year,2026-04-23T09:58:30,55
lakebase,1,gl_monthly_by_arena_year,2026-04-23T09:58:25,108
lakebase,1,gl_monthly_by_arena_year,2026-04-23T09:58:20,87
lakebase,1,gl_monthly_by_arena_year,2026-04-23T09:58:15,84
lakebase,1,gl_monthly_by_arena_year,2026-04-23T09:58:10,98
lakebase,1,gl_monthly_by_arena_year,2026-04-23T09:58:05,69
lakebase,1,gl_monthly_by_arena_year,2026-04-23T09:58:00,83
lakebase,1,gl_monthly_by_arena_year,2026-04-23T09:57:55,67
lakebase,1,gl_monthly_by_arena_year,2026-04-23T09:57:50,71
lakebase,1,gl_monthly_by_arena_year,2026-04-23T09:57:45,73
lakebase,1,gl_monthly_by_arena_year,2026-04-23T09:57:40,44
lakebase,1,gl_monthly_by_arena_year,2026-04-23T09:57:35,55
lakebase,1,property_financials_joined,2026-04-23T10:00:00,98
lakebase,1,property_financials_joined,2026-04-23T09:59:55,220
lakebase,1,property_financials_joined,2026-04-23T09:59:50,111
lakebase,1,property_financials_joined,2026-04-23T09:59:45,150
lakebase,1,property_financials_joined,2026-04-23T09:59:40,78
lakebase,1,property_financials_joined,2026-04-23T09:59:35,110
lakebase,1,property_financials_joined,2026-04-23T09:59:30,182
lakebase,1,property_financials_joined,2026-04-23T09:59:25,109
lakebase,1,property_financials_joined,2026-04-23T09:59:20,160
lakebase,1,property_financials_joined,2026-04-23T09:59:15,85
lakebase,1,property_financials_joined,2026-04-23T09:59:10,112
lakebase,1,property_financials_joined,2026-04-23T09:59:05,93
lakebase,1,property_financials_joined,2026-04-23T09:59:00,123
lakebase,1,property_financials_joined,2026-04-23T09:58:55,154
lakebase,1,property_financials_joined,2026-04-23T09:58:50,118
lakebase,1,property_financials_joined,2026-04-23T09:58:45,112
lakebase,1,property_financials_joined,2026-04-23T09:58:40,62
lakebase,1,property_financials_joined,2026-04-23T09:58:35,114
lakebase,1,property_financials_joined,2026-04-23T09:58:30,135
lakebase,1,property_financials_joined,2026-04-23T09:58:25,89
lakebase,1,property_financials_joined,2026-04-23T09:58:20,132
lakebase,1,property_financials_joined,2026-04-23T09:58:15,63
lakebase,1,property_financials_joined,2026-04-23T09:58:10,121
lakebase,1,property_financials_joined,2026-04-23T09:58:05,88
lakebase,1,property_financials_joined,2026-04-23T09:58:00,143
lakebase,1,property_financials_joined,2026-04-23T09:57:55,100
lakebase,1,property_financials_joined,2026-04-23T09:57:50,163
lakebase,1,property_financials_joined,2026-04-23T09:57:45,139
lakebase,1,property_financials_joined,2026-04-23T09:57:40,106
lakebase,1,property_financials_joined,2026-04-23T09:57:35,147
lakebase,1,top10_properties_by_revenue,2026-04-23T10:00:00,96
lakebase,1,top10_properties_by_revenue,2026-04-23T09:59:55,138
lakebase,1,top10_properties_by_revenue,2026-04-23T09:59:50,208
lakebase,1,top10_properties_by_revenue,2026-04-23T09:59:45,115
lakebase,1,top10_properties_by_revenue,2026-04-23T09:59:40,112
lakebase,1,top10_properties_by_revenue,2026-04-23T09:59:35,129
lakebase,1,top10_properties_by_revenue,2026-04-23T09:59:30,164
lakebase,1,top10_properties_by_revenue,2026-04-23T09:59:25,353
lakebase,1,top10_properties_by_revenue,2026-04-23T09:59:20,236
lakebase,1,top10_properties_by_revenue,2026-04-23T09:59:15,106
lakebase,1,top10_properties_by_revenue,2026-04-23T09:59:10,127
lakebase,1,top10_properties_by_revenue,2026-04-23T09:59:05,212
lakebase,1,top10_properties_by_revenue,2026-04-23T09:59:00,200
lakebase,1,top10_properties_by_revenue,2026-04-23T09:58:55,167
lakebase,1,top10_properties_by_revenue,2026-04-23T09:58:50,168
lakebase,1,top10_properties_by_revenue,2026-04-23T09:58:45,201
lakebase,1,top10_properties_by_revenue,2026-04-23T09:58:40,248
lakebase,1,top10_properties_by_revenue,2026-04-23T09:58:35,172
lakebase,1,top10_properties_by_revenue,2026-04-23T09:58:30,306
lakebase,1,top10_properties_by_revenue,2026-04-23T09:58:25,291
lakebase,1,top10_properties_by_revenue,2026-04-23T09:58:20,141
lakebase,1,top10_properties_by_revenue,2026-04-23T09:58:15,243
lakebase,1,top10_properties_by_revenue,2026-04-23T09:58:10,152
lakebase,1,top10_properties_by_revenue,2026-04-23T09:58:05,155
lakebase,1,top10_properties_by_revenue,2026-04-23T09:58:00,232
lakebase,1,top10_properties_by_revenue,2026-04-23T09:57:55,218
lakebase,1,top10_properties_by_revenue,2026-04-23T09:57:50,72
lakebase,1,top10_properties_by_revenue,2026-04-23T09:57:45,173
lakebase,1,top10_properties_by_revenue,2026-04-23T09:57:40,226
lakebase,1,top10_properties_by_revenue,2026-04-23T09:57:35,84
lakebase,1,pnl_rollup_multi_month,2026-04-23T10:00:00,354
lakebase,1,pnl_rollup_multi_month,2026-04-23T09:59:55,276
lakebase,1,pnl_rollup_multi_month,2026-04-23T09:59:50,350
lakebase,1,pnl_rollup_multi_month,2026-04-23T09:59:45,158
lakebase,1,pnl_rollup_multi_month,2026-04-23T09:59:40,293
lakebase,1,pnl_rollup_multi_month,2026-04-23T09:59:35,273
lakebase,1,pnl_rollup_multi_month,2026-04-23T09:59:30,203
lakebase,1,pnl_rollup_multi_month,2026-04-23T09:59:25,144
lakebase,1,pnl_rollup_multi_month,2026-04-23T09:59:20,260
lakebase,1,pnl_rollup_multi_month,2026-04-23T09:59:15,373
lakebase,1,pnl_rollup_multi_month,2026-04-23T09:59:10,219
lakebase,1,pnl_rollup_multi_month,2026-04-23T09:59:05,278
lakebase,1,pnl_rollup_multi_month,2026-04-23T09:59:00,115
lakebase,1,pnl_rollup_multi_month,2026-04-23T09:58:55,289
lakebase,1,pnl_rollup_multi_month,2026-04-23T09:58:50,197
lakebase,1,pnl_rollup_multi_month,2026-04-23T09:58:45,220
lakebase,1,pnl_rollup_multi_month,2026-04-23T09:58:40,163
lakebase,1,pnl_rollup_multi_month,2026-04-23T09:58:35,450
lakebase,1,pnl_rollup_multi_month,2026-04-23T09:58:30,184
lakebase,1,pnl_rollup_multi_month,2026-04-23T09:58:25,217
lakebase,1,pnl_rollup_multi_month,2026-04-23T09:58:20,285
lakebase,1,pnl_rollup_multi_month,2026-04-23T09:58:15,229
lakebase,1,pnl_rollup_multi_month,2026-04-23T09:58:10,203
lakebase,1,pnl_rollup_multi_month,2026-04-23T09:58:05,297
lakebase,1,pnl_rollup_multi_month,2026-04-23T09:58:00,143
lakebase,1,pnl_rollup_multi_month,2026-04-23T09:57:55,270
lakebase,1,pnl_rollup_multi_month,2026-04-23T09:57:50,517
lakebase,1,pnl_rollup_multi_month,2026-04-23T09:57:45,274
lakebase,1,pnl_rollup_multi_month,2026-04-23T09:57:40,179
lakebase,1,pnl_rollup_multi_month,2026-04-23T09:57:35,208
lakebase,1,investor_commitment_summary,2026-04-23T10:00:00,229
lakebase,1,investor_commitment_summary,2026-04-23T09:59:55,418
lakebase,1,investor_commitment_summary,2026-04-23T09:59:50,808
lakebase,1,investor_commitment_summary,2026-04-23T09:59:45,278
lakebase,1,investor_commitment_summary,2026-04-23T09:59:40,424
lakebase,1,investor_commitment_summary,2026-04-23T09:59:35,368
lakebase,1,investor_commitment_summary,2026-04-23T09:59:30,1322
lakebase,1,investor_commitment_summary,2026-04-23T09:59:25,770
lakebase,1,investor_commitment_summary,2026-04-23T09:59:20,547
lakebase,1,investor_commitment_summary,2026-04-23T09:59:15,651
lakebase,1,investor_commitment_summary,2026-04-23T09:59:10,411
lakebase,1,investor_commitment_summary,2026-04-23T09:59:05,276
lakebase,1,investor_commitment_summary,2026-04-23T09:59:00,586
lakebase,1,investor_commitment_summary,2026-04-23T09:58:55,466
lakebase,1,investor_commitment_summary,2026-04-23T09:58:50,294
lakebase,1,investor_commitment_summary,2026-04-23T09:58:45,343
lakebase,1,investor_commitment_summary,2026-04-23T09:58:40,431
lakebase,1,investor_commitment_summary,2026-04-23T09:58:35,247
lakebase,1,investor_commitment_summary,2026-04-23T09:58:30,479
lakebase,1,investor_commitment_summary,2026-04-23T09:58:25,372
lakebase,1,investor_commitment_summary,2026-04-23T09:58:20,394
lakebase,1,investor_commitment_summary,2026-04-23T09:58:15,253
lakebase,1,investor_commitment_summary,2026-04-23T09:58:10,495
lakebase,1,investor_commitment_summary,2026-04-23T09:58:05,292
lakebase,1,investor_commitment_summary,2026-04-23T09:58:00,346
lakebase,1,investor_commitment_summary,2026-04-23T09:57:55,450
lakebase,1,investor_commitment_summary,2026-04-23T09:57:50,338
lakebase,1,investor_commitment_summary,2026-04-23T09:57:45,403
lakebase,1,investor_commitment_summary,2026-04-23T09:57:40,309
lakebase,1,investor_commitment_summary,2026-04-23T09:57:35,392
lakebase,5,fund_performance_arena,2026-04-23T10:00:00,54
lakebase,5,fund_performance_arena,2026-04-23T09:59:55,60
lakebase,5,fund_performance_arena,2026-04-23T09:59:50,48
lakebase,5,fund_performance_arena,2026-04-23T09:59:45,37
lakebase,5,fund_performance_arena,2026-04-23T09:59:40,36
lakebase,5,fund_performance_arena,2026-04-23T09:59:35,43
lakebase,5,fund_performance_arena,2026-04-23T09:59:30,71
lakebase,5,fund_performance_arena,2026-04-23T09:59:25,137
lakebase,5,fund_performance_arena,2026-04-23T09:59:20,47
lakebase,5,fund_performance_arena,2026-04-23T09:59:15,84
lakebase,5,fund_performance_arena,2026-04-23T09:59:10,80
lakebase,5,fund_performance_arena,2026-04-23T09:59:05,28
lakebase,5,fund_performance_arena,2026-04-23T09:59:00,58
lakebase,5,fund_performance_arena,2026-04-23T09:58:55,93
lakebase,5,fund_performance_arena,2026-04-23T09:58:50,33
lakebase,5,fund_performance_arena,2026-04-23T09:58:45,66
lakebase,5,fund_performance_arena,2026-04-23T09:58:40,39
lakebase,5,fund_performance_arena,2026-04-23T09:58:35,88
lakebase,5,fund_performance_arena,2026-04-23T09:58:30,64
lakebase,5,fund_performance_arena,2026-04-23T09:58:25,75
lakebase,5,fund_performance_arena,2026-04-23T09:58:20,94
lakebase,5,fund_performance_arena,2026-04-23T09:58:15,72
lakebase,5,fund_performance_arena,2026-04-23T09:58:10,52
lakebase,5,fund_performance_arena,2026-04-23T09:58:05,56
lakebase,5,fund_performance_arena,2026-04-23T09:58:00,89
lakebase,5,fund_performance_arena,2026-04-23T09:57:55,69
lakebase,5,fund_performance_arena,2026-04-23T09:57:50,27
lakebase,5,fund_performance_arena,2026-04-23T09:57:45,58
lakebase,5,fund_performance_arena,2026-04-23T09:57:40,48
lakebase,5,fund_performance_arena,2026-04-23T09:57:35,21
lakebase,5,gl_monthly_by_arena_year,2026-04-23T10:00:00,151
lakebase,5,gl_monthly_by_arena_year,2026-04-23T09:59:55,105
lakebase,5,gl_monthly_by_arena_year,2026-04-23T09:59:50,103
lakebase,5,gl_monthly_by_arena_year,2026-04-23T09:59:45,144
lakebase,5,gl_monthly_by_arena_year,2026-04-23T09:59:40,47
lakebase,5,gl_monthly_by_arena_year,2026-04-23T09:59:35,50
lakebase,5,gl_monthly_by_arena_year,2026-04-23T09:59:30,132
lakebase,5,gl_monthly_by_arena_year,2026-04-23T09:59:25,108
lakebase,5,gl_monthly_by_arena_year,2026-04-23T09:59:20,154
lakebase,5,gl_monthly_by_arena_year,2026-04-23T09:59:15,108
lakebase,5,gl_monthly_by_arena_year,2026-04-23T09:59:10,81
lakebase,5,gl_monthly_by_arena_year,2026-04-23T09:59:05,131
lakebase,5,gl_monthly_by_arena_year,2026-04-23T09:59:00,122
lakebase,5,gl_monthly_by_arena_year,2026-04-23T09:58:55,115
lakebase,5,gl_monthly_by_arena_year,2026-04-23T09:58:50,139
lakebase,5,gl_monthly_by_arena_year,2026-04-23T09:58:45,132
lakebase,5,gl_monthly_by_arena_year,2026-04-23T09:58:40,94
lakebase,5,gl_monthly_by_arena_year,2026-04-23T09:58:35,90
lakebase,5,gl_monthly_by_arena_year,2026-04-23T09:58:30,122
lakebase,5,gl_monthly_by_arena_year,2026-04-23T09:58:25,87
lakebase,5,gl_monthly_by_arena_year,2026-04-23T09:58:20,107
lakebase,5,gl_monthly_by_arena_year,2026-04-23T09:58:15,203
lakebase,5,gl_monthly_by_arena_year,2026-04-23T09:58:10,96
lakebase,5,gl_monthly_by_arena_year,2026-04-23T09:58:05,88
lakebase,5,gl_monthly_by_arena_year,2026-04-23T09:58:00,114
lakebase,5,gl_monthly_by_arena_year,2026-04-23T09:57:55,127
lakebase,5,gl_monthly_by_arena_year,2026-04-23T09:57:50,172
lakebase,5,gl_monthly_by_arena_year,2026-04-23T09:57:45,188
lakebase,5,gl_monthly_by_arena_year,2026-04-23T09:57:40,108
lakebase,5,gl_monthly_by_arena_year,2026-04-23T09:57:35,185
lakebase,5,property_financials_joined,2026-04-23T10:00:00,205
lakebase,5,property_financials_joined,2026-04-23T09:59:55,74
lakebase,5,property_financials_joined,2026-04-23T09:59:50,157
lakebase,5,property_financials_joined,2026-04-23T09:59:45,222
lakebase,5,property_financials_joined,2026-04-23T09:59:40,186
lakebase,5,property_financials_joined,2026-04-23T09:59:35,152
lakebase,5,property_financials_joined,2026-04-23T09:59:30,116
lakebase,5,property_financials_joined,2026-04-23T09:59:25,179
lakebase,5,property_financials_joined,2026-04-23T09:59:20,119
lakebase,5,property_financials_joined,2026-04-23T09:59:15,167
lakebase,5,property_financials_joined,2026-04-23T09:59:10,161
lakebase,5,property_financials_joined,2026-04-23T09:59:05,85
lakebase,5,property_financials_joined,2026-04-23T09:59:00,186
lakebase,5,property_financials_joined,2026-04-23T09:58:55,236
lakebase,5,property_financials_joined,2026-04-23T09:58:50,134
lakebase,5,property_financials_joined,2026-04-23T09:58:45,392
lakebase,5,property_financials_joined,2026-04-23T09:58:40,111
lakebase,5,property_financials_joined,2026-04-23T09:58:35,210
lakebase,5,property_financials_joined,2026-04-23T09:58:30,128
lakebase,5,property_financials_joined,2026-04-23T09:58:25,217
lakebase,5,property_financials_joined,2026-04-23T09:58:20,253
lakebase,5,property_financials_joined,2026-04-23T09:58:15,148
lakebase,5,property_financials_joined,2026-04-23T09:58:10,91
lakebase,5,property_financials_joined,2026-04-23T09:58:05,129
lakebase,5,property_financials_joined,2026-04-23T09:58:00,239
lakebase,5,property_financials_joined,2026-04-23T09:57:55,171
lakebase,5,property_financials_joined,2026-04-23T09:57:50,141
lakebase,5,property_financials_joined,2026-04-23T09:57:45,202
lakebase,5,property_financials_joined,2026-04-23T09:57:40,171
lakebase,5,property_financials_joined,2026-04-23T09:57:35,148
lakebase,5,top10_properties_by_revenue,2026-04-23T10:00:00,194
lakebase,5,top10_properties_by_revenue,2026-04-23T09:59:55,458
lakebase,5,top10_properties_by_revenue,2026-04-23T09:59:50,160
lakebase,5,top10_properties_by_revenue,2026-04-23T09:59:45,339
lakebase,5,top10_properties_by_revenue,2026-04-23T09:59:40,214
lakebase,5,top10_properties_by_revenue,2026-04-23T09:59:35,198
lakebase,5,top10_properties_by_revenue,2026-04-23T09:59:30,233
lakebase,5,top10_properties_by_revenue,2026-04-23T09:59:25,166
lakebase,5,top10_properties_by_revenue,2026-04-23T09:59:20,337
lakebase,5,top10_properties_by_revenue,2026-04-23T09:59:15,271
lakebase,5,top10_properties_by_revenue,2026-04-23T09:59:10,336
lakebase,5,top10_properties_by_revenue,2026-04-23T09:59:05,197
lakebase,5,top10_properties_by_revenue,2026-04-23T09:59:00,243
lakebase,5,top10_properties_by_revenue,2026-04-23T09:58:55,141
lakebase,5,top10_properties_by_revenue,2026-04-23T09:58:50,231
lakebase,5,top10_properties_by_revenue,2026-04-23T09:58:45,217
lakebase,5,top10_properties_by_revenue,2026-04-23T09:58:40,332
lakebase,5,top10_properties_by_revenue,2026-04-23T09:58:35,291
lakebase,5,top10_properties_by_revenue,2026-04-23T09:58:30,98
lakebase,5,top10_properties_by_revenue,2026-04-23T09:58:25,234
lakebase,5,top10_properties_by_revenue,2026-04-23T09:58:20,374
lakebase,5,top10_properties_by_revenue,2026-04-23T09:58:15,117
lakebase,5,top10_properties_by_revenue,2026-04-23T09:58:10,102
lakebase,5,top10_properties_by_revenue,2026-04-23T09:58:05,229
lakebase,5,top10_properties_by_revenue,2026-04-23T09:58:00,185
lakebase,5,top10_properties_by_revenue,2026-04-23T09:57:55,221
lakebase,5,top10_properties_by_revenue,2026-04-23T09:57:50,231
lakebase,5,top10_properties_by_revenue,2026-04-23T09:57:45,239
lakebase,5,top10_properties_by_revenue,2026-04-23T09:57:40,214
lakebase,5,top10_properties_by_revenue,2026-04-23T09:57:35,120
lakebase,5,pnl_rollup_multi_month,2026-04-23T10:00:00,315
lakebase,5,pnl_rollup_multi_month,2026-04-23T09:59:55,490
lakebase,5,pnl_rollup_multi_month,2026-04-23T09:59:50,404
lakebase,5,pnl_rollup_multi_month,2026-04-23T09:59:45,515
lakebase,5,pnl_rollup_multi_month,2026-04-23T09:59:40,527
lakebase,5,pnl_rollup_multi_month,2026-04-23T09:59:35,170
lakebase,5,pnl_rollup_multi_month,2026-04-23T09:59:30,451
lakebase,5,pnl_rollup_multi_month,2026-04-23T09:59:25,445
lakebase,5,pnl_rollup_multi_month,2026-04-23T09:59:20,306
lakebase,5,pnl_rollup_multi_month,2026-04-23T09:59:15,373
lakebase,5,pnl_rollup_multi_month,2026-04-23T09:59:10,332
lakebase,5,pnl_rollup_multi_month,2026-04-23T09:59:05,164
lakebase,5,pnl_rollup_multi_month,2026-04-23T09:59:00,217
lakebase,5,pnl_rollup_multi_month,2026-04-23T09:58:55,546
lakebase,5,pnl_rollup_multi_month,2026-04-23T09:58:50,268
lakebase,5,pnl_rollup_multi_month,2026-04-23T09:58:45,514
lakebase,5,pnl_rollup_multi_month,2026-04-23T09:58:40,387
lakebase,5,pnl_rollup_multi_month,2026-04-23T09:58:35,154
lakebase,5,pnl_rollup_multi_month,2026-04-23T09:58:30,445
lakebase,5,pnl_rollup_multi_month,2026-04-23T09:58:25,244
lakebase,5,pnl_rollup_multi_month,2026-04-23T09:58:20,189
lakebase,5,pnl_rollup_multi_month,2026-04-23T09:58:15,360
lakebase,5,pnl_rollup_multi_month,2026-04-23T09:58:10,535
lakebase,5,pnl_rollup_multi_month,2026-04-23T09:58:05,200
lakebase,5,pnl_rollup_multi_month,2026-04-23T09:58:00,244
lakebase,5,pnl_rollup_multi_month,2026-04-23T09:57:55,206
lakebase,5,pnl_rollup_multi_month,2026-04-23T09:57:50,237
lakebase,5,pnl_rollup_multi_month,2026-04-23T09:57:45,344
lakebase,5,pnl_rollup_multi_month,2026-04-23T09:57:40,222
lakebase,5,pnl_rollup_multi_month,2026-04-23T09:57:35,294
lakebase,5,investor_commitment_summary,2026-04-23T10:00:00,577
lakebase,5,investor_commitment_summary,2026-04-23T09:59:55,381
lakebase,5,investor_commitment_summary,2026-04-23T09:59:50,807
lakebase,5,investor_commitment_summary,2026-04-23T09:59:45,510
lakebase,5,investor_commitment_summary,2026-04-23T09:59:40,275
lakebase,5,investor_commitment_summary,2026-04-23T09:59:35,575
lakebase,5,investor_commitment_summary,2026-04-23T09:59:30,647
lakebase,5,investor_commitment_summary,2026-04-23T09:59:25,764
lakebase,5,investor_commitment_summary,2026-04-23T09:59:20,941
lakebase,5,investor_commitment_summary,2026-04-23T09:59:15,1157
lakebase,5,investor_commitment_summary,2026-04-23T09:59:10,592
lakebase,5,investor_commitment_summary,2026-04-23T09:59:05,479
lakebase,5,investor_commitment_summary,2026-04-23T09:59:00,607
lakebase,5,investor_commitment_summary,2026-04-23T09:58:55,320
lakebase,5,investor_commitment_summary,2026-04-23T09:58:50,416
lakebase,5,investor_commitment_summary,2026-04-23T09:58:45,1195
lakebase,5,investor_commitment_summary,2026-04-23T09:58:40,645
lakebase,5,investor_commitment_summary,2026-04-23T09:58:35,680
lakebase,5,investor_commitment_summary,2026-04-23T09:58:30,759
lakebase,5,investor_commitment_summary,2026-04-23T09:58:25,1077
lakebase,5,investor_commitment_summary,2026-04-23T09:58:20,467
lakebase,5,investor_commitment_summary,2026-04-23T09:58:15,354
lakebase,5,investor_commitment_summary,2026-04-23T09:58:10,479
lakebase,5,investor_commitment_summary,2026-04-23T09:58:05,668
lakebase,5,investor_commitment_summary,2026-04-23T09:58:00,383
lakebase,5,investor_commitment_summary,2026-04-23T09:57:55,805
lakebase,5,investor_commitment_summary,2026-04-23T09:57:50,436
lakebase,5,investor_commitment_summary,2026-04-23T09:57:45,426
lakebase,5,investor_commitment_summary,2026-04-23T09:57:40,413
lakebase,5,investor_commitment_summary,2026-04-23T09:57:35,349
lakebase,10,fund_performance_arena,2026-04-23T10:00:00,90
lakebase,10,fund_performance_arena,2026-04-23T09:59:55,95
lakebase,10,fund_performance_arena,2026-04-23T09:59:50,71
lakebase,10,fund_performance_arena,2026-04-23T09:59:45,57
lakebase,10,fund_performance_arena,2026-04-23T09:59:40,59
lakebase,10,fund_performance_arena,2026-04-23T09:59:35,52
lakebase,10,fund_performance_arena,2026-04-23T09:59:30,202
lakebase,10,fund_performance_arena,2026-04-23T09:59:25,52
lakebase,10,fund_performance_arena,2026-04-23T09:59:20,48
lakebase,10,fund_performance_arena,2026-04-23T09:59:15,88
lakebase,10,fund_performance_arena,2026-04-23T09:59:10,79
lakebase,10,fund_performance_arena,2026-04-23T09:59:05,64
lakebase,10,fund_performance_arena,2026-04-23T09:59:00,76
lakebase,10,fund_performance_arena,2026-04-23T09:58:55,36
lakebase,10,fund_performance_arena,2026-04-23T09:58:50,48
lakebase,10,fund_performance_arena,2026-04-23T09:58:45,84
lakebase,10,fund_performance_arena,2026-04-23T09:58:40,47
lakebase,10,fund_performance_arena,2026-04-23T09:58:35,50
lakebase,10,fund_performance_arena,2026-04-23T09:58:30,66
lakebase,10,fund_performance_arena,2026-04-23T09:58:25,47
lakebase,10,fund_performance_arena,2026-04-23T09:58:20,82
lakebase,10,fund_performance_arena,2026-04-23T09:58:15,80
lakebase,10,fund_performance_arena,2026-04-23T09:58:10,85
lakebase,10,fund_performance_arena,2026-04-23T09:58:05,37
lakebase,10,fund_performance_arena,2026-04-23T09:58:00,61
lakebase,10,fund_performance_arena,2026-04-23T09:57:55,59
lakebase,10,fund_performance_arena,2026-04-23T09:57:50,75
lakebase,10,fund_performance_arena,2026-04-23T09:57:45,31
lakebase,10,fund_performance_arena,2026-04-23T09:57:40,42
lakebase,10,fund_performance_arena,2026-04-23T09:57:35,72
lakebase,10,gl_monthly_by_arena_year,2026-04-23T10:00:00,125
lakebase,10,gl_monthly_by_arena_year,2026-04-23T09:59:55,129
lakebase,10,gl_monthly_by_arena_year,2026-04-23T09:59:50,275
lakebase,10,gl_monthly_by_arena_year,2026-04-23T09:59:45,179
lakebase,10,gl_monthly_by_arena_year,2026-04-23T09:59:40,143
lakebase,10,gl_monthly_by_arena_year,2026-04-23T09:59:35,116
lakebase,10,gl_monthly_by_arena_year,2026-04-23T09:59:30,101
lakebase,10,gl_monthly_by_arena_year,2026-04-23T09:59:25,114
lakebase,10,gl_monthly_by_arena_year,2026-04-23T09:59:20,106
lakebase,10,gl_monthly_by_arena_year,2026-04-23T09:59:15,110
lakebase,10,gl_monthly_by_arena_year,2026-04-23T09:59:10,184
lakebase,10,gl_monthly_by_arena_year,2026-04-23T09:59:05,136
lakebase,10,gl_monthly_by_arena_year,2026-04-23T09:59:00,107
lakebase,10,gl_monthly_by_arena_year,2026-04-23T09:58:55,93
lakebase,10,gl_monthly_by_arena_year,2026-04-23T09:58:50,132
lakebase,10,gl_monthly_by_arena_year,2026-04-23T09:58:45,128
lakebase,10,gl_monthly_by_arena_year,2026-04-23T09:58:40,136
lakebase,10,gl_monthly_by_arena_year,2026-04-23T09:58:35,86
lakebase,10,gl_monthly_by_arena_year,2026-04-23T09:58:30,152
lakebase,10,gl_monthly_by_arena_year,2026-04-23T09:58:25,198
lakebase,10,gl_monthly_by_arena_year,2026-04-23T09:58:20,132
lakebase,10,gl_monthly_by_arena_year,2026-04-23T09:58:15,102
lakebase,10,gl_monthly_by_arena_year,2026-04-23T09:58:10,144
lakebase,10,gl_monthly_by_arena_year,2026-04-23T09:58:05,202
lakebase,10,gl_monthly_by_arena_year,2026-04-23T09:58:00,112
lakebase,10,gl_monthly_by_arena_year,2026-04-23T09:57:55,131
lakebase,10,gl_monthly_by_arena_year,2026-04-23T09:57:50,146
lakebase,10,gl_monthly_by_arena_year,2026-04-23T09:57:45,112
lakebase,10,gl_monthly_by_arena_year,2026-04-23T09:57:40,91
lakebase,10,gl_monthly_by_arena_year,2026-04-23T09:57:35,177
lakebase,10,property_financials_joined,2026-04-23T10:00:00,94
lakebase,10,property_financials_joined,2026-04-23T09:59:55,186
lakebase,10,property_financials_joined,2026-04-23T09:59:50,195
lakebase,10,property_financials_joined,2026-04-23T09:59:45,153
lakebase,10,property_financials_joined,2026-04-23T09:59:40,191
lakebase,10,property_financials_joined,2026-04-23T09:59:35,152
lakebase,10,property_financials_joined,2026-04-23T09:59:30,198
lakebase,10,property_financials_joined,2026-04-23T09:59:25,179
lakebase,10,property_financials_joined,2026-04-23T09:59:20,137
lakebase,10,property_financials_joined,2026-04-23T09:59:15,132
lakebase,10,property_financials_joined,2026-04-23T09:59:10,129
lakebase,10,property_financials_joined,2026-04-23T09:59:05,117
lakebase,10,property_financials_joined,2026-04-23T09:59:00,206
lakebase,10,property_financials_joined,2026-04-23T09:58:55,179
lakebase,10,property_financials_joined,2026-04-23T09:58:50,200
lakebase,10,property_financials_joined,2026-04-23T09:58:45,95
lakebase,10,property_financials_joined,2026-04-23T09:58:40,246
lakebase,10,property_financials_joined,2026-04-23T09:58:35,212
lakebase,10,property_financials_joined,2026-04-23T09:58:30,180
lakebase,10,property_financials_joined,2026-04-23T09:58:25,147
lakebase,10,property_financials_joined,2026-04-23T09:58:20,139
lakebase,10,property_financials_joined,2026-04-23T09:58:15,107
lakebase,10,property_financials_joined,2026-04-23T09:58:10,100
lakebase,10,property_financials_joined,2026-04-23T09:58:05,234
lakebase,10,property_financials_joined,2026-04-23T09:58:00,343
lakebase,10,property_financials_joined,2026-04-23T09:57:55,206
lakebase,10,property_financials_joined,2026-04-23T09:57:50,123
lakebase,10,property_financials_joined,2026-04-23T09:57:45,208
lakebase,10,property_financials_joined,2026-04-23T09:57:40,180
lakebase,10,property_financials_joined,2026-04-23T09:57:35,223
lakebase,10,top10_properties_by_revenue,2026-04-23T10:00:00,457
lakebase,10,top10_properties_by_revenue,2026-04-23T09:59:55,161
lakebase,10,top10_properties_by_revenue,2026-04-23T09:59:50,269
lakebase,10,top10_properties_by_revenue,2026-04-23T09:59:45,420
lakebase,10,top10_properties_by_revenue,2026-04-23T09:59:40,264
lakebase,10,top10_properties_by_revenue,2026-04-23T09:59:35,152
lakebase,10,top10_properties_by_revenue,2026-04-23T09:59:30,205
lakebase,10,top10_properties_by_revenue,2026-04-23T09:59:25,140
lakebase,10,top10_properties_by_revenue,2026-04-23T09:59:20,196
lakebase,10,top10_properties_by_revenue,2026-04-23T09:59:15,421
lakebase,10,top10_properties_by_revenue,2026-04-23T09:59:10,244
lakebase,10,top10_properties_by_revenue,2026-04-23T09:59:05,283
lakebase,10,top10_properties_by_revenue,2026-04-23T09:59:00,373
lakebase,10,top10_properties_by_revenue,2026-04-23T09:58:55,413
lakebase,10,top10_properties_by_revenue,2026-04-23T09:58:50,197
lakebase,10,top10_properties_by_revenue,2026-04-23T09:58:45,174
lakebase,10,top10_properties_by_revenue,2026-04-23T09:58:40,242
lakebase,10,top10_properties_by_revenue,2026-04-23T09:58:35,184
lakebase,10,top10_properties_by_revenue,2026-04-23T09:58:30,224
lakebase,10,top10_properties_by_revenue,2026-04-23T09:58:25,174
lakebase,10,top10_properties_by_revenue,2026-04-23T09:58:20,194
lakebase,10,top10_properties_by_revenue,2026-04-23T09:58:15,190
lakebase,10,top10_properties_by_revenue,2026-04-23T09:58:10,396
lakebase,10,top10_properties_by_revenue,2026-04-23T09:58:05,281
lakebase,10,top10_properties_by_revenue,2026-04-23T09:58:00,358
lakebase,10,top10_properties_by_revenue,2026-04-23T09:57:55,190
lakebase,10,top10_properties_by_revenue,2026-04-23T09:57:50,173
lakebase,10,top10_properties_by_revenue,2026-04-23T09:57:45,206
lakebase,10,top10_properties_by_revenue,2026-04-23T09:57:40,354
lakebase,10,top10_properties_by_revenue,2026-04-23T09:57:35,169
lakebase,10,pnl_rollup_multi_month,2026-04-23T10:00:00,570
lakebase,10,pnl_rollup_multi_month,2026-04-23T09:59:55,687
lakebase,10,pnl_rollup_multi_month,2026-04-23T09:59:50,408
lakebase,10,pnl_rollup_multi_month,2026-04-23T09:59:45,375
lakebase,10,pnl_rollup_multi_month,2026-04-23T09:59:40,283
lakebase,10,pnl_rollup_multi_month,2026-04-23T09:59:35,252
lakebase,10,pnl_rollup_multi_month,2026-04-23T09:59:30,544
lakebase,10,pnl_rollup_multi_month,2026-04-23T09:59:25,266
lakebase,10,pnl_rollup_multi_month,2026-04-23T09:59:20,212
lakebase,10,pnl_rollup_multi_month,2026-04-23T09:59:15,388
lakebase,10,pnl_rollup_multi_month,2026-04-23T09:59:10,295
lakebase,10,pnl_rollup_multi_month,2026-04-23T09:59:05,403
lakebase,10,pnl_rollup_multi_month,2026-04-23T09:59:00,303
lakebase,10,pnl_rollup_multi_month,2026-04-23T09:58:55,371
lakebase,10,pnl_rollup_multi_month,2026-04-23T09:58:50,308
lakebase,10,pnl_rollup_multi_month,2026-04-23T09:58:45,423
lakebase,10,pnl_rollup_multi_month,2026-04-23T09:58:40,332
lakebase,10,pnl_rollup_multi_month,2026-04-23T09:58:35,457
lakebase,10,pnl_rollup_multi_month,2026-04-23T09:58:30,443
lakebase,10,pnl_rollup_multi_month,2026-04-23T09:58:25,312
lakebase,10,pnl_rollup_multi_month,2026-04-23T09:58:20,277
lakebase,10,pnl_rollup_multi_month,2026-04-23T09:58:15,398
lakebase,10,pnl_rollup_multi_month,2026-04-23T09:58:10,212
lakebase,10,pnl_rollup_multi_month,2026-04-23T09:58:05,534
lakebase,10,pnl_rollup_multi_month,2026-04-23T09:58:00,433
lakebase,10,pnl_rollup_multi_month,2026-04-23T09:57:55,401
lakebase,10,pnl_rollup_multi_month,2026-04-23T09:57:50,160
lakebase,10,pnl_rollup_multi_month,2026-04-23T09:57:45,238
lakebase,10,pnl_rollup_multi_month,2026-04-23T09:57:40,294
lakebase,10,pnl_rollup_multi_month,2026-04-23T09:57:35,188
lakebase,10,investor_commitment_summary,2026-04-23T10:00:00,523
lakebase,10,investor_commitment_summary,2026-04-23T09:59:55,870
lakebase,10,investor_commitment_summary,2026-04-23T09:59:50,416
lakebase,10,investor_commitment_summary,2026-04-23T09:59:45,1083
lakebase,10,investor_commitment_summary,2026-04-23T09:59:40,270
lakebase,10,investor_commitment_summary,2026-04-23T09:59:35,547
lakebase,10,investor_commitment_summary,2026-04-23T09:59:30,402
lakebase,10,investor_commitment_summary,2026-04-23T09:59:25,882
lakebase,10,investor_commitment_summary,2026-04-23T09:59:20,754
lakebase,10,investor_commitment_summary,2026-04-23T09:59:15,407
lakebase,10,investor_commitment_summary,2026-04-23T09:59:10,498
lakebase,10,investor_commitment_summary,2026-04-23T09:59:05,447
lakebase,10,investor_commitment_summary,2026-04-23T09:59:00,548
lakebase,10,investor_commitment_summary,2026-04-23T09:58:55,1032
lakebase,10,investor_commitment_summary,2026-04-23T09:58:50,471
lakebase,10,investor_commitment_summary,2026-04-23T09:58:45,506
lakebase,10,investor_commitment_summary,2026-04-23T09:58:40,432
lakebase,10,investor_commitment_summary,2026-04-23T09:58:35,629
lakebase,10,investor_commitment_summary,2026-04-23T09:58:30,583
lakebase,10,investor_commitment_summary,2026-04-23T09:58:25,499
lakebase,10,investor_commitment_summary,2026-04-23T09:58:20,736
lakebase,10,investor_commitment_summary,2026-04-23T09:58:15,823
lakebase,10,investor_commitment_summary,2026-04-23T09:58:10,1045
lakebase,10,investor_commitment_summary,2026-04-23T09:58:05,508
lakebase,10,investor_commitment_summary,2026-04-23T09:58:00,655
lakebase,10,investor_commitment_summary,2026-04-23T09:57:55,527
lakebase,10,investor_commitment_summary,2026-04-23T09:57:50,859
lakebase,10,investor_commitment_summary,2026-04-23T09:57:45,545
lakebase,10,investor_commitment_summary,2026-04-23T09:57:40,1320
lakebase,10,investor_commitment_summary,2026-04-23T09:57:35,584
lakebase,20,fund_performance_arena,2026-04-23T10:00:00,78
lakebase,20,fund_performance_arena,2026-04-23T09:59:55,44
lakebase,20,fund_performance_arena,2026-04-23T09:59:50,90
lakebase,20,fund_performance_arena,2026-04-23T09:59:45,45
lakebase,20,fund_performance_arena,2026-04-23T09:59:40,95
lakebase,20,fund_performance_arena,2026-04-23T09:59:35,114
lakebase,20,fund_performance_arena,2026-04-23T09:59:30,63
lakebase,20,fund_performance_arena,2026-04-23T09:59:25,69
lakebase,20,fund_performance_arena,2026-04-23T09:59:20,75
lakebase,20,fund_performance_arena,2026-04-23T09:59:15,92
lakebase,20,fund_performance_arena,2026-04-23T09:59:10,67
lakebase,20,fund_performance_arena,2026-04-23T09:59:05,48
lakebase,20,fund_performance_arena,2026-04-23T09:59:00,56
lakebase,20,fund_performance_arena,2026-04-23T09:58:55,59
lakebase,20,fund_performance_arena,2026-04-23T09:58:50,91
lakebase,20,fund_performance_arena,2026-04-23T09:58:45,32
lakebase,20,fund_performance_arena,2026-04-23T09:58:40,43
lakebase,20,fund_performance_arena,2026-04-23T09:58:35,37
lakebase,20,fund_performance_arena,2026-04-23T09:58:30,57
lakebase,20,fund_performance_arena,2026-04-23T09:58:25,72
lakebase,20,fund_performance_arena,2026-04-23T09:58:20,47
lakebase,20,fund_performance_arena,2026-04-23T09:58:15,71
lakebase,20,fund_performance_arena,2026-04-23T09:58:10,54
lakebase,20,fund_performance_arena,2026-04-23T09:58:05,55
lakebase,20,fund_performance_arena,2026-04-23T09:58:00,86
lakebase,20,fund_performance_arena,2026-04-23T09:57:55,55
lakebase,20,fund_performance_arena,2026-04-23T09:57:50,53
lakebase,20,fund_performance_arena,2026-04-23T09:57:45,64
lakebase,20,fund_performance_arena,2026-04-23T09:57:40,96
lakebase,20,fund_performance_arena,2026-04-23T09:57:35,100
lakebase,20,gl_monthly_by_arena_year,2026-04-23T10:00:00,176
lakebase,20,gl_monthly_by_arena_year,2026-04-23T09:59:55,118
lakebase,20,gl_monthly_by_arena_year,2026-04-23T09:59:50,164
lakebase,20,gl_monthly_by_arena_year,2026-04-23T09:59:45,271
lakebase,20,gl_monthly_by_arena_year,2026-04-23T09:59:40,186
lakebase,20,gl_monthly_by_arena_year,2026-04-23T09:59:35,98
lakebase,20,gl_monthly_by_arena_year,2026-04-23T09:59:30,87
lakebase,20,gl_monthly_by_arena_year,2026-04-23T09:59:25,141
lakebase,20,gl_monthly_by_arena_year,2026-04-23T09:59:20,91
lakebase,20,gl_monthly_by_arena_year,2026-04-23T09:59:15,139
lakebase,20,gl_monthly_by_arena_year,2026-04-23T09:59:10,118
lakebase,20,gl_monthly_by_arena_year,2026-04-23T09:59:05,60
lakebase,20,gl_monthly_by_arena_year,2026-04-23T09:59:00,208
lakebase,20,gl_monthly_by_arena_year,2026-04-23T09:58:55,82
lakebase,20,gl_monthly_by_arena_year,2026-04-23T09:58:50,101
lakebase,20,gl_monthly_by_arena_year,2026-04-23T09:58:45,90
lakebase,20,gl_monthly_by_arena_year,2026-04-23T09:58:40,86
lakebase,20,gl_monthly_by_arena_year,2026-04-23T09:58:35,135
lakebase,20,gl_monthly_by_arena_year,2026-04-23T09:58:30,101
lakebase,20,gl_monthly_by_arena_year,2026-04-23T09:58:25,130
lakebase,20,gl_monthly_by_arena_year,2026-04-23T09:58:20,183
lakebase,20,gl_monthly_by_arena_year,2026-04-23T09:58:15,194
lakebase,20,gl_monthly_by_arena_year,2026-04-23T09:58:10,162
lakebase,20,gl_monthly_by_arena_year,2026-04-23T09:58:05,159
lakebase,20,gl_monthly_by_arena_year,2026-04-23T09:58:00,192
lakebase,20,gl_monthly_by_arena_year,2026-04-23T09:57:55,113
lakebase,20,gl_monthly_by_arena_year,2026-04-23T09:57:50,130
lakebase,20,gl_monthly_by_arena_year,2026-04-23T09:57:45,123
lakebase,20,gl_monthly_by_arena_year,2026-04-23T09:57:40,152
lakebase,20,gl_monthly_by_arena_year,2026-04-23T09:57:35,121
lakebase,20,property_financials_joined,2026-04-23T10:00:00,110
lakebase,20,property_financials_joined,2026-04-23T09:59:55,116
lakebase,20,property_financials_joined,2026-04-23T09:59:50,145
lakebase,20,property_financials_joined,2026-04-23T09:59:45,141
lakebase,20,property_financials_joined,2026-04-23T09:59:40,144
lakebase,20,property_financials_joined,2026-04-23T09:59:35,123
lakebase,20,property_financials_joined,2026-04-23T09:59:30,145
lakebase,20,property_financials_joined,2026-04-23T09:59:25,128
lakebase,20,property_financials_joined,2026-04-23T09:59:20,186
lakebase,20,property_financials_joined,2026-04-23T09:59:15,238
lakebase,20,property_financials_joined,2026-04-23T09:59:10,177
lakebase,20,property_financials_joined,2026-04-23T09:59:05,298
lakebase,20,property_financials_joined,2026-04-23T09:59:00,158
lakebase,20,property_financials_joined,2026-04-23T09:58:55,169
lakebase,20,property_financials_joined,2026-04-23T09:58:50,207
lakebase,20,property_financials_joined,2026-04-23T09:58:45,200
lakebase,20,property_financials_joined,2026-04-23T09:58:40,122
lakebase,20,property_financials_joined,2026-04-23T09:58:35,310
lakebase,20,property_financials_joined,2026-04-23T09:58:30,152
lakebase,20,property_financials_joined,2026-04-23T09:58:25,183
lakebase,20,property_financials_joined,2026-04-23T09:58:20,180
lakebase,20,property_financials_joined,2026-04-23T09:58:15,175
lakebase,20,property_financials_joined,2026-04-23T09:58:10,196
lakebase,20,property_financials_joined,2026-04-23T09:58:05,278
lakebase,20,property_financials_joined,2026-04-23T09:58:00,227
lakebase,20,property_financials_joined,2026-04-23T09:57:55,120
lakebase,20,property_financials_joined,2026-04-23T09:57:50,173
lakebase,20,property_financials_joined,2026-04-23T09:57:45,125
lakebase,20,property_financials_joined,2026-04-23T09:57:40,168
lakebase,20,property_financials_joined,2026-04-23T09:57:35,198
lakebase,20,top10_properties_by_revenue,2026-04-23T10:00:00,199
lakebase,20,top10_properties_by_revenue,2026-04-23T09:59:55,320
lakebase,20,top10_properties_by_revenue,2026-04-23T09:59:50,147
lakebase,20,top10_properties_by_revenue,2026-04-23T09:59:45,278
lakebase,20,top10_properties_by_revenue,2026-04-23T09:59:40,135
lakebase,20,top10_properties_by_revenue,2026-04-23T09:59:35,204
lakebase,20,top10_properties_by_revenue,2026-04-23T09:59:30,499
lakebase,20,top10_properties_by_revenue,2026-04-23T09:59:25,164
lakebase,20,top10_properties_by_revenue,2026-04-23T09:59:20,557
lakebase,20,top10_properties_by_revenue,2026-04-23T09:59:15,308
lakebase,20,top10_properties_by_revenue,2026-04-23T09:59:10,277
lakebase,20,top10_properties_by_revenue,2026-04-23T09:59:05,319
lakebase,20,top10_properties_by_revenue,2026-04-23T09:59:00,331
lakebase,20,top10_properties_by_revenue,2026-04-23T09:58:55,291
lakebase,20,top10_properties_by_revenue,2026-04-23T09:58:50,171
lakebase,20,top10_properties_by_revenue,2026-04-23T09:58:45,132
lakebase,20,top10_properties_by_revenue,2026-04-23T09:58:40,205
lakebase,20,top10_properties_by_revenue,2026-04-23T09:58:35,303
lakebase,20,top10_properties_by_revenue,2026-04-23T09:58:30,198
lakebase,20,top10_properties_by_revenue,2026-04-23T09:58:25,191
lakebase,20,top10_properties_by_revenue,2026-04-23T09:58:20,266
lakebase,20,top10_properties_by_revenue,2026-04-23T09:58:15,225
lakebase,20,top10_properties_by_revenue,2026-04-23T09:58:10,468
lakebase,20,top10_properties_by_revenue,2026-04-23T09:58:05,345
lakebase,20,top10_properties_by_revenue,2026-04-23T09:58:00,283
lakebase,20,top10_properties_by_revenue,2026-04-23T09:57:55,184
lakebase,20,top10_properties_by_revenue,2026-04-23T09:57:50,219
lakebase,20,top10_properties_by_revenue,2026-04-23T09:57:45,143
lakebase,20,top10_properties_by_revenue,2026-04-23T09:57:40,220
lakebase,20,top10_properties_by_revenue,2026-04-23T09:57:35,223
lakebase,20,pnl_rollup_multi_month,2026-04-23T10:00:00,412
lakebase,20,pnl_rollup_multi_month,2026-04-23T09:59:55,291
lakebase,20,pnl_rollup_multi_month,2026-04-23T09:59:50,423
lakebase,20,pnl_rollup_multi_month,2026-04-23T09:59:45,332
lakebase,20,pnl_rollup_multi_month,2026-04-23T09:59:40,342
lakebase,20,pnl_rollup_multi_month,2026-04-23T09:59:35,491
lakebase,20,pnl_rollup_multi_month,2026-04-23T09:59:30,398
lakebase,20,pnl_rollup_multi_month,2026-04-23T09:59:25,411
lakebase,20,pnl_rollup_multi_month,2026-04-23T09:59:20,217
lakebase,20,pnl_rollup_multi_month,2026-04-23T09:59:15,366
lakebase,20,pnl_rollup_multi_month,2026-04-23T09:59:10,220
lakebase,20,pnl_rollup_multi_month,2026-04-23T09:59:05,402
lakebase,20,pnl_rollup_multi_month,2026-04-23T09:59:00,532
lakebase,20,pnl_rollup_multi_month,2026-04-23T09:58:55,147
lakebase,20,pnl_rollup_multi_month,2026-04-23T09:58:50,537
lakebase,20,pnl_rollup_multi_month,2026-04-23T09:58:45,256
lakebase,20,pnl_rollup_multi_month,2026-04-23T09:58:40,382
lakebase,20,pnl_rollup_multi_month,2026-04-23T09:58:35,469
lakebase,20,pnl_rollup_multi_month,2026-04-23T09:58:30,459
lakebase,20,pnl_rollup_multi_month,2026-04-23T09:58:25,307
lakebase,20,pnl_rollup_multi_month,2026-04-23T09:58:20,366
lakebase,20,pnl_rollup_multi_month,2026-04-23T09:58:15,339
lakebase,20,pnl_rollup_multi_month,2026-04-23T09:58:10,263
lakebase,20,pnl_rollup_multi_month,2026-04-23T09:58:05,336
lakebase,20,pnl_rollup_multi_month,2026-04-23T09:58:00,170
lakebase,20,pnl_rollup_multi_month,2026-04-23T09:57:55,520
lakebase,20,pnl_rollup_multi_month,2026-04-23T09:57:50,419
lakebase,20,pnl_rollup_multi_month,2026-04-23T09:57:45,521
lakebase,20,pnl_rollup_multi_month,2026-04-23T09:57:40,279
lakebase,20,pnl_rollup_multi_month,2026-04-23T09:57:35,302
lakebase,20,investor_commitment_summary,2026-04-23T10:00:00,504
lakebase,20,investor_commitment_summary,2026-04-23T09:59:55,396
lakebase,20,investor_commitment_summary,2026-04-23T09:59:50,688
lakebase,20,investor_commitment_summary,2026-04-23T09:59:45,437
lakebase,20,investor_commitment_summary,2026-04-23T09:59:40,543
lakebase,20,investor_commitment_summary,2026-04-23T09:59:35,535
lakebase,20,investor_commitment_summary,2026-04-23T09:59:30,867
lakebase,20,investor_commitment_summary,2026-04-23T09:59:25,664
lakebase,20,investor_commitment_summary,2026-04-23T09:59:20,469
lakebase,20,investor_commitment_summary,2026-04-23T09:59:15,887
lakebase,20,investor_commitment_summary,2026-04-23T09:59:10,544
lakebase,20,investor_commitment_summary,2026-04-23T09:59:05,586
lakebase,20,investor_commitment_summary,2026-04-23T09:59:00,690
lakebase,20,investor_commitment_summary,2026-04-23T09:58:55,328
lakebase,20,investor_commitment_summary,2026-04-23T09:58:50,546
lakebase,20,investor_commitment_summary,2026-04-23T09:58:45,340
lakebase,20,investor_commitment_summary,2026-04-23T09:58:40,340
lakebase,20,investor_commitment_summary,2026-04-23T09:58:35,613
lakebase,20,investor_commitment_summary,2026-04-23T09:58:30,445
lakebase,20,investor_commitment_summary,2026-04-23T09:58:25,617
lakebase,20,investor_commitment_summary,2026-04-23T09:58:20,398
lakebase,20,investor_commitment_summary,2026-04-23T09:58:15,368
lakebase,20,investor_commitment_summary,2026-04-23T09:58:10,854
lakebase,20,investor_commitment_summary,2026-04-23T09:58:05,617
lakebase,20,investor_commitment_summary,2026-04-23T09:58:00,371
lakebase,20,investor_commitment_summary,2026-04-23T09:57:55,1184
lakebase,20,investor_commitment_summary,2026-04-23T09:57:50,433
lakebase,20,investor_commitment_summary,2026-04-23T09:57:45,863
lakebase,20,investor_commitment_summary,2026-04-23T09:57:40,401
lakebase,20,investor_commitment_summary,2026-04-23T09:57:35,480
dbsql,1,fund_performance_arena,2026-04-23T10:00:00,372
dbsql,1,fund_performance_arena,2026-04-23T09:59:55,516
dbsql,1,fund_performance_arena,2026-04-23T09:59:50,252
dbsql,1,fund_performance_arena,2026-04-23T09:59:45,395
dbsql,1,fund_performance_arena,2026-04-23T09:59:40,368
dbsql,1,fund_performance_arena,2026-04-23T09:59:35,210
dbsql,1,fund_performance_arena,2026-04-23T09:59:30,341
dbsql,1,fund_performance_arena,2026-04-23T09:59:25,212
dbsql,1,fund_performance_arena,2026-04-23T09:59:20,402
dbsql,1,fund_performance_arena,2026-04-23T09:59:15,356
dbsql,1,fund_performance_arena,2026-04-23T09:59:10,253
dbsql,1,fund_performance_arena,2026-04-23T09:59:05,372
dbsql,1,fund_performance_arena,2026-04-23T09:59:00,440
dbsql,1,fund_performance_arena,2026-04-23T09:58:55,390
dbsql,1,fund_performance_arena,2026-04-23T09:58:50,296
dbsql,1,fund_performance_arena,2026-04-23T09:58:45,187
dbsql,1,fund_performance_arena,2026-04-23T09:58:40,161
dbsql,1,fund_performance_arena,2026-04-23T09:58:35,392
dbsql,1,fund_performance_arena,2026-04-23T09:58:30,382
dbsql,1,fund_performance_arena,2026-04-23T09:58:25,274
dbsql,1,fund_performance_arena,2026-04-23T09:58:20,170
dbsql,1,fund_performance_arena,2026-04-23T09:58:15,251
dbsql,1,fund_performance_arena,2026-04-23T09:58:10,365
dbsql,1,fund_performance_arena,2026-04-23T09:58:05,291
dbsql,1,fund_performance_arena,2026-04-23T09:58:00,411
dbsql,1,fund_performance_arena,2026-04-23T09:57:55,301
dbsql,1,fund_performance_arena,2026-04-23T09:57:50,236
dbsql,1,fund_performance_arena,2026-04-23T09:57:45,287
dbsql,1,fund_performance_arena,2026-04-23T09:57:40,212
dbsql,1,fund_performance_arena,2026-04-23T09:57:35,1023
dbsql,1,gl_monthly_by_arena_year,2026-04-23T10:00:00,582
dbsql,1,gl_monthly_by_arena_year,2026-04-23T09:59:55,461
dbsql,1,gl_monthly_by_arena_year,2026-04-23T09:59:50,661
dbsql,1,gl_monthly_by_arena_year,2026-04-23T09:59:45,365
dbsql,1,gl_monthly_by_arena_year,2026-04-23T09:59:40,913
dbsql,1,gl_monthly_by_arena_year,2026-04-23T09:59:35,255
dbsql,1,gl_monthly_by_arena_year,2026-04-23T09:59:30,759
dbsql,1,gl_monthly_by_arena_year,2026-04-23T09:59:25,509
dbsql,1,gl_monthly_by_arena_year,2026-04-23T09:59:20,378
dbsql,1,gl_monthly_by_arena_year,2026-04-23T09:59:15,643
dbsql,1,gl_monthly_by_arena_year,2026-04-23T09:59:10,480
dbsql,1,gl_monthly_by_arena_year,2026-04-23T09:59:05,499
dbsql,1,gl_monthly_by_arena_year,2026-04-23T09:59:00,568
dbsql,1,gl_monthly_by_arena_year,2026-04-23T09:58:55,499
dbsql,1,gl_monthly_by_arena_year,2026-04-23T09:58:50,831
dbsql,1,gl_monthly_by_arena_year,2026-04-23T09:58:45,497
dbsql,1,gl_monthly_by_arena_year,2026-04-23T09:58:40,460
dbsql,1,gl_monthly_by_arena_year,2026-04-23T09:58:35,607
dbsql,1,gl_monthly_by_arena_year,2026-04-23T09:58:30,410
dbsql,1,gl_monthly_by_arena_year,2026-04-23T09:58:25,363
dbsql,1,gl_monthly_by_arena_year,2026-04-23T09:58:20,559
dbsql,1,gl_monthly_by_arena_year,2026-04-23T09:58:15,650
dbsql,1,gl_monthly_by_arena_year,2026-04-23T09:58:10,661
dbsql,1,gl_monthly_by_arena_year,2026-04-23T09:58:05,275
dbsql,1,gl_monthly_by_arena_year,2026-04-23T09:58:00,514
dbsql,1,gl_monthly_by_arena_year,2026-04-23T09:57:55,600
dbsql,1,gl_monthly_by_arena_year,2026-04-23T09:57:50,859
dbsql,1,gl_monthly_by_arena_year,2026-04-23T09:57:45,400
dbsql,1,gl_monthly_by_arena_year,2026-04-23T09:57:40,322
dbsql,1,gl_monthly_by_arena_year,2026-04-23T09:57:35,458
dbsql,1,property_financials_joined,2026-04-23T10:00:00,1012
dbsql,1,property_financials_joined,2026-04-23T09:59:55,764
dbsql,1,property_financials_joined,2026-04-23T09:59:50,1337
dbsql,1,property_financials_joined,2026-04-23T09:59:45,527
dbsql,1,property_financials_joined,2026-04-23T09:59:40,1009
dbsql,1,property_financials_joined,2026-04-23T09:59:35,706
dbsql,1,property_financials_joined,2026-04-23T09:59:30,685
dbsql,1,property_financials_joined,2026-04-23T09:59:25,1612
dbsql,1,property_financials_joined,2026-04-23T09:59:20,1495
dbsql,1,property_financials_joined,2026-04-23T09:59:15,926
dbsql,1,property_financials_joined,2026-04-23T09:59:10,663
dbsql,1,property_financials_joined,2026-04-23T09:59:05,525
dbsql,1,property_financials_joined,2026-04-23T09:59:00,648
dbsql,1,property_financials_joined,2026-04-23T09:58:55,1030
dbsql,1,property_financials_joined,2026-04-23T09:58:50,466
dbsql,1,property_financials_joined,2026-04-23T09:58:45,768
dbsql,1,property_financials_joined,2026-04-23T09:58:40,1350
dbsql,1,property_financials_joined,2026-04-23T09:58:35,963
dbsql,1,property_financials_joined,2026-04-23T09:58:30,964
dbsql,1,property_financials_joined,2026-04-23T09:58:25,409
dbsql,1,property_financials_joined,2026-04-23T09:58:20,515
dbsql,1,property_financials_joined,2026-04-23T09:58:15,1021
dbsql,1,property_financials_joined,2026-04-23T09:58:10,617
dbsql,1,property_financials_joined,2026-04-23T09:58:05,515
dbsql,1,property_financials_joined,2026-04-23T09:58:00,1226
dbsql,1,property_financials_joined,2026-04-23T09:57:55,773
dbsql,1,property_financials_joined,2026-04-23T09:57:50,1243
dbsql,1,property_financials_joined,2026-04-23T09:57:45,1071
dbsql,1,property_financials_joined,2026-04-23T09:57:40,406
dbsql,1,property_financials_joined,2026-04-23T09:57:35,1455
dbsql,1,top10_properties_by_revenue,2026-04-23T10:00:00,1556
dbsql,1,top10_properties_by_revenue,2026-04-23T09:59:55,1357
dbsql,1,top10_properties_by_revenue,2026-04-23T09:59:50,918
dbsql,1,top10_properties_by_revenue,2026-04-23T09:59:45,937
dbsql,1,top10_properties_by_revenue,2026-04-23T09:59:40,782
dbsql,1,top10_properties_by_revenue,2026-04-23T09:59:35,1162
dbsql,1,top10_properties_by_revenue,2026-04-23T09:59:30,708
dbsql,1,top10_properties_by_revenue,2026-04-23T09:59:25,598
dbsql,1,top10_properties_by_revenue,2026-04-23T09:59:20,926
dbsql,1,top10_properties_by_revenue,2026-04-23T09:59:15,896
dbsql,1,top10_properties_by_revenue,2026-04-23T09:59:10,1158
dbsql,1,top10_properties_by_revenue,2026-04-23T09:59:05,1012
dbsql,1,top10_properties_by_revenue,2026-04-23T09:59:00,869
dbsql,1,top10_properties_by_revenue,2026-04-23T09:58:55,691
dbsql,1,top10_properties_by_revenue,2026-04-23T09:58:50,1003
dbsql,1,top10_properties_by_revenue,2026-04-23T09:58:45,783
dbsql,1,top10_properties_by_revenue,2026-04-23T09:58:40,733
dbsql,1,top10_properties_by_revenue,2026-04-23T09:58:35,1179
dbsql,1,top10_properties_by_revenue,2026-04-23T09:58:30,783
dbsql,1,top10_properties_by_revenue,2026-04-23T09:58:25,1646
dbsql,1,top10_properties_by_revenue,2026-04-23T09:58:20,1589
dbsql,1,top10_properties_by_revenue,2026-04-23T09:58:15,943
dbsql,1,top10_properties_by_revenue,2026-04-23T09:58:10,846
dbsql,1,top10_properties_by_revenue,2026-04-23T09:58:05,729
dbsql,1,top10_properties_by_revenue,2026-04-23T09:58:00,1086
dbsql,1,top10_properties_by_revenue,2026-04-23T09:57:55,858
dbsql,1,top10_properties_by_revenue,2026-04-23T09:57:50,1504
dbsql,1,top10_properties_by_revenue,2026-04-23T09:57:45,646
dbsql,1,top10_properties_by_revenue,2026-04-23T09:57:40,1242
dbsql,1,top10_properties_by_revenue,2026-04-23T09:57:35,1401
dbsql,1,pnl_rollup_multi_month,2026-04-23T10:00:00,2403
dbsql,1,pnl_rollup_multi_month,2026-04-23T09:59:55,1811
dbsql,1,pnl_rollup_multi_month,2026-04-23T09:59:50,964
dbsql,1,pnl_rollup_multi_month,2026-04-23T09:59:45,1300
dbsql,1,pnl_rollup_multi_month,2026-04-23T09:59:40,1611
dbsql,1,pnl_rollup_multi_month,2026-04-23T09:59:35,2026
dbsql,1,pnl_rollup_multi_month,2026-04-23T09:59:30,1748
dbsql,1,pnl_rollup_multi_month,2026-04-23T09:59:25,1285
dbsql,1,pnl_rollup_multi_month,2026-04-23T09:59:20,1643
dbsql,1,pnl_rollup_multi_month,2026-04-23T09:59:15,646
dbsql,1,pnl_rollup_multi_month,2026-04-23T09:59:10,1541
dbsql,1,pnl_rollup_multi_month,2026-04-23T09:59:05,1679
dbsql,1,pnl_rollup_multi_month,2026-04-23T09:59:00,1590
dbsql,1,pnl_rollup_multi_month,2026-04-23T09:58:55,1136
dbsql,1,pnl_rollup_multi_month,2026-04-23T09:58:50,2369
dbsql,1,pnl_rollup_multi_month,2026-04-23T09:58:45,1469
dbsql,1,pnl_rollup_multi_month,2026-04-23T09:58:40,1624
dbsql,1,pnl_rollup_multi_month,2026-04-23T09:58:35,1374
dbsql,1,pnl_rollup_multi_month,2026-04-23T09:58:30,2157
dbsql,1,pnl_rollup_multi_month,2026-04-23T09:58:25,1450
dbsql,1,pnl_rollup_multi_month,2026-04-23T09:58:20,1060
dbsql,1,pnl_rollup_multi_month,2026-04-23T09:58:15,1401
dbsql,1,pnl_rollup_multi_month,2026-04-23T09:58:10,1421
dbsql,1,pnl_rollup_multi_month,2026-04-23T09:58:05,1282
dbsql,1,pnl_rollup_multi_month,2026-04-23T09:58:00,1241
dbsql,1,pnl_rollup_multi_month,2026-04-23T09:57:55,1789
dbsql,1,pnl_rollup_multi_month,2026-04-23T09:57:50,2630
dbsql,1,pnl_rollup_multi_month,2026-04-23T09:57:45,1646
dbsql,1,pnl_rollup_multi_month,2026-04-23T09:57:40,1148
dbsql,1,pnl_rollup_multi_month,2026-04-23T09:57:35,3444
dbsql,1,investor_commitment_summary,2026-04-23T10:00:00,1678
dbsql,1,investor_commitment_summary,2026-04-23T09:59:55,1298
dbsql,1,investor_commitment_summary,2026-04-23T09:59:50,2109
dbsql,1,investor_commitment_summary,2026-04-23T09:59:45,2396
dbsql,1,investor_commitment_summary,2026-04-23T09:59:40,2408
dbsql,1,investor_commitment_summary,2026-04-23T09:59:35,2568
dbsql,1,investor_commitment_summary,2026-04-23T09:59:30,4857
dbsql,1,investor_commitment_summary,2026-04-23T09:59:25,2895
dbsql,1,investor_commitment_summary,2026-04-23T09:59:20,1814
dbsql,1,investor_commitment_summary,2026-04-23T09:59:15,2303
dbsql,1,investor_commitment_summary,2026-04-23T09:59:10,2555
dbsql,1,investor_commitment_summary,2026-04-23T09:59:05,2383
dbsql,1,investor_commitment_summary,2026-04-23T09:59:00,3783
dbsql,1,investor_commitment_summary,2026-04-23T09:58:55,4175
dbsql,1,investor_commitment_summary,2026-04-23T09:58:50,1604
dbsql,1,investor_commitment_summary,2026-04-23T09:58:45,1581
dbsql,1,investor_commitment_summary,2026-04-23T09:58:40,1182
dbsql,1,investor_commitment_summary,2026-04-23T09:58:35,2224
dbsql,1,investor_commitment_summary,2026-04-23T09:58:30,1545
dbsql,1,investor_commitment_summary,2026-04-23T09:58:25,1311
dbsql,1,investor_commitment_summary,2026-04-23T09:58:20,3052
dbsql,1,investor_commitment_summary,2026-04-23T09:58:15,2184
dbsql,1,investor_commitment_summary,2026-04-23T09:58:10,1796
dbsql,1,investor_commitment_summary,2026-04-23T09:58:05,1448
dbsql,1,investor_commitment_summary,2026-04-23T09:58:00,2214
dbsql,1,investor_commitment_summary,2026-04-23T09:57:55,2659
dbsql,1,investor_commitment_summary,2026-04-23T09:57:50,3279
dbsql,1,investor_commitment_summary,2026-04-23T09:57:45,2745
dbsql,1,investor_commitment_summary,2026-04-23T09:57:40,1642
dbsql,1,investor_commitment_summary,2026-04-23T09:57:35,1524
dbsql,5,fund_performance_arena,2026-04-23T10:00:00,740
dbsql,5,fund_performance_arena,2026-04-23T09:59:55,410
dbsql,5,fund_performance_arena,2026-04-23T09:59:50,539
dbsql,5,fund_performance_arena,2026-04-23T09:59:45,530
dbsql,5,fund_performance_arena,2026-04-23T09:59:40,881
dbsql,5,fund_performance_arena,2026-04-23T09:59:35,379
dbsql,5,fund_performance_arena,2026-04-23T09:59:30,557
dbsql,5,fund_performance_arena,2026-04-23T09:59:25,172
dbsql,5,fund_performance_arena,2026-04-23T09:59:20,430
dbsql,5,fund_performance_arena,2026-04-23T09:59:15,560
dbsql,5,fund_performance_arena,2026-04-23T09:59:10,314
dbsql,5,fund_performance_arena,2026-04-23T09:59:05,318
dbsql,5,fund_performance_arena,2026-04-23T09:59:00,264
dbsql,5,fund_performance_arena,2026-04-23T09:58:55,298
dbsql,5,fund_performance_arena,2026-04-23T09:58:50,277
dbsql,5,fund_performance_arena,2026-04-23T09:58:45,334
dbsql,5,fund_performance_arena,2026-04-23T09:58:40,447
dbsql,5,fund_performance_arena,2026-04-23T09:58:35,511
dbsql,5,fund_performance_arena,2026-04-23T09:58:30,532
dbsql,5,fund_performance_arena,2026-04-23T09:58:25,832
dbsql,5,fund_performance_arena,2026-04-23T09:58:20,645
dbsql,5,fund_performance_arena,2026-04-23T09:58:15,391
dbsql,5,fund_performance_arena,2026-04-23T09:58:10,313
dbsql,5,fund_performance_arena,2026-04-23T09:58:05,367
dbsql,5,fund_performance_arena,2026-04-23T09:58:00,402
dbsql,5,fund_performance_arena,2026-04-23T09:57:55,601
dbsql,5,fund_performance_arena,2026-04-23T09:57:50,593
dbsql,5,fund_performance_arena,2026-04-23T09:57:45,667
dbsql,5,fund_performance_arena,2026-04-23T09:57:40,368
dbsql,5,fund_performance_arena,2026-04-23T09:57:35,362
dbsql,5,gl_monthly_by_arena_year,2026-04-23T10:00:00,713
dbsql,5,gl_monthly_by_arena_year,2026-04-23T09:59:55,658
dbsql,5,gl_monthly_by_arena_year,2026-04-23T09:59:50,309
dbsql,5,gl_monthly_by_arena_year,2026-04-23T09:59:45,551
dbsql,5,gl_monthly_by_arena_year,2026-04-23T09:59:40,750
dbsql,5,gl_monthly_by_arena_year,2026-04-23T09:59:35,517
dbsql,5,gl_monthly_by_arena_year,2026-04-23T09:59:30,952
dbsql,5,gl_monthly_by_arena_year,2026-04-23T09:59:25,792
dbsql,5,gl_monthly_by_arena_year,2026-04-23T09:59:20,773
dbsql,5,gl_monthly_by_arena_year,2026-04-23T09:59:15,994
dbsql,5,gl_monthly_by_arena_year,2026-04-23T09:59:10,786
dbsql,5,gl_monthly_by_arena_year,2026-04-23T09:59:05,312
dbsql,5,gl_monthly_by_arena_year,2026-04-23T09:59:00,498
dbsql,5,gl_monthly_by_arena_year,2026-04-23T09:58:55,471
dbsql,5,gl_monthly_by_arena_year,2026-04-23T09:58:50,437
dbsql,5,gl_monthly_by_arena_year,2026-04-23T09:58:45,684
dbsql,5,gl_monthly_by_arena_year,2026-04-23T09:58:40,415
dbsql,5,gl_monthly_by_arena_year,2026-04-23T09:58:35,658
dbsql,5,gl_monthly_by_arena_year,2026-04-23T09:58:30,457
dbsql,5,gl_monthly_by_arena_year,2026-04-23T09:58:25,811
dbsql,5,gl_monthly_by_arena_year,2026-04-23T09:58:20,271
dbsql,5,gl_monthly_by_arena_year,2026-04-23T09:58:15,828
dbsql,5,gl_monthly_by_arena_year,2026-04-23T09:58:10,708
dbsql,5,gl_monthly_by_arena_year,2026-04-23T09:58:05,816
dbsql,5,gl_monthly_by_arena_year,2026-04-23T09:58:00,995
dbsql,5,gl_monthly_by_arena_year,2026-04-23T09:57:55,487
dbsql,5,gl_monthly_by_arena_year,2026-04-23T09:57:50,1547
dbsql,5,gl_monthly_by_arena_year,2026-04-23T09:57:45,1005
dbsql,5,gl_monthly_by_arena_year,2026-04-23T09:57:40,610
dbsql,5,gl_monthly_by_arena_year,2026-04-23T09:57:35,600
dbsql,5,property_financials_joined,2026-04-23T10:00:00,1049
dbsql,5,property_financials_joined,2026-04-23T09:59:55,1297
dbsql,5,property_financials_joined,2026-04-23T09:59:50,2053
dbsql,5,property_financials_joined,2026-04-23T09:59:45,1109
dbsql,5,property_financials_joined,2026-04-23T09:59:40,989
dbsql,5,property_financials_joined,2026-04-23T09:59:35,1196
dbsql,5,property_financials_joined,2026-04-23T09:59:30,1662
dbsql,5,property_financials_joined,2026-04-23T09:59:25,608
dbsql,5,property_financials_joined,2026-04-23T09:59:20,1091
dbsql,5,property_financials_joined,2026-04-23T09:59:15,1599
dbsql,5,property_financials_joined,2026-04-23T09:59:10,750
dbsql,5,property_financials_joined,2026-04-23T09:59:05,681
dbsql,5,property_financials_joined,2026-04-23T09:59:00,1376
dbsql,5,property_financials_joined,2026-04-23T09:58:55,1130
dbsql,5,property_financials_joined,2026-04-23T09:58:50,816
dbsql,5,property_financials_joined,2026-04-23T09:58:45,563
dbsql,5,property_financials_joined,2026-04-23T09:58:40,1066
dbsql,5,property_financials_joined,2026-04-23T09:58:35,766
dbsql,5,property_financials_joined,2026-04-23T09:58:30,1003
dbsql,5,property_financials_joined,2026-04-23T09:58:25,1576
dbsql,5,property_financials_joined,2026-04-23T09:58:20,1087
dbsql,5,property_financials_joined,2026-04-23T09:58:15,1506
dbsql,5,property_financials_joined,2026-04-23T09:58:10,624
dbsql,5,property_financials_joined,2026-04-23T09:58:05,901
dbsql,5,property_financials_joined,2026-04-23T09:58:00,621
dbsql,5,property_financials_joined,2026-04-23T09:57:55,1140
dbsql,5,property_financials_joined,2026-04-23T09:57:50,1471
dbsql,5,property_financials_joined,2026-04-23T09:57:45,1031
dbsql,5,property_financials_joined,2026-04-23T09:57:40,1135
dbsql,5,property_financials_joined,2026-04-23T09:57:35,1247
dbsql,5,top10_properties_by_revenue,2026-04-23T10:00:00,1435
dbsql,5,top10_properties_by_revenue,2026-04-23T09:59:55,1309
dbsql,5,top10_properties_by_revenue,2026-04-23T09:59:50,1364
dbsql,5,top10_properties_by_revenue,2026-04-23T09:59:45,1227
dbsql,5,top10_properties_by_revenue,2026-04-23T09:59:40,780
dbsql,5,top10_properties_by_revenue,2026-04-23T09:59:35,1624
dbsql,5,top10_properties_by_revenue,2026-04-23T09:59:30,1373
dbsql,5,top10_properties_by_revenue,2026-04-23T09:59:25,1822
dbsql,5,top10_properties_by_revenue,2026-04-23T09:59:20,1328
dbsql,5,top10_properties_by_revenue,2026-04-23T09:59:15,2206
dbsql,5,top10_properties_by_revenue,2026-04-23T09:59:10,1271
dbsql,5,top10_properties_by_revenue,2026-04-23T09:59:05,1140
dbsql,5,top10_properties_by_revenue,2026-04-23T09:59:00,1176
dbsql,5,top10_properties_by_revenue,2026-04-23T09:58:55,1171
dbsql,5,top10_properties_by_revenue,2026-04-23T09:58:50,1832
dbsql,5,top10_properties_by_revenue,2026-04-23T09:58:45,1326
dbsql,5,top10_properties_by_revenue,2026-04-23T09:58:40,1857
dbsql,5,top10_properties_by_revenue,2026-04-23T09:58:35,1410
dbsql,5,top10_properties_by_revenue,2026-04-23T09:58:30,904
dbsql,5,top10_properties_by_revenue,2026-04-23T09:58:25,999
dbsql,5,top10_properties_by_revenue,2026-04-23T09:58:20,1295
dbsql,5,top10_properties_by_revenue,2026-04-23T09:58:15,1341
dbsql,5,top10_properties_by_revenue,2026-04-23T09:58:10,1679
dbsql,5,top10_properties_by_revenue,2026-04-23T09:58:05,826
dbsql,5,top10_properties_by_revenue,2026-04-23T09:58:00,1068
dbsql,5,top10_properties_by_revenue,2026-04-23T09:57:55,2552
dbsql,5,top10_properties_by_revenue,2026-04-23T09:57:50,1590
dbsql,5,top10_properties_by_revenue,2026-04-23T09:57:45,1398
dbsql,5,top10_properties_by_revenue,2026-04-23T09:57:40,1358
dbsql,5,top10_properties_by_revenue,2026-04-23T09:57:35,2244
dbsql,5,pnl_rollup_multi_month,2026-04-23T10:00:00,2181
dbsql,5,pnl_rollup_multi_month,2026-04-23T09:59:55,1934
dbsql,5,pnl_rollup_multi_month,2026-04-23T09:59:50,1459
dbsql,5,pnl_rollup_multi_month,2026-04-23T09:59:45,3291
dbsql,5,pnl_rollup_multi_month,2026-04-23T09:59:40,2214
dbsql,5,pnl_rollup_multi_month,2026-04-23T09:59:35,1552
dbsql,5,pnl_rollup_multi_month,2026-04-23T09:59:30,799
dbsql,5,pnl_rollup_multi_month,2026-04-23T09:59:25,1911
dbsql,5,pnl_rollup_multi_month,2026-04-23T09:59:20,1234
dbsql,5,pnl_rollup_multi_month,2026-04-23T09:59:15,1594
dbsql,5,pnl_rollup_multi_month,2026-04-23T09:59:10,1539
dbsql,5,pnl_rollup_multi_month,2026-04-23T09:59:05,1372
dbsql,5,pnl_rollup_multi_month,2026-04-23T09:59:00,3425
dbsql,5,pnl_rollup_multi_month,2026-04-23T09:58:55,2036
dbsql,5,pnl_rollup_multi_month,2026-04-23T09:58:50,2429
dbsql,5,pnl_rollup_multi_month,2026-04-23T09:58:45,1298
dbsql,5,pnl_rollup_multi_month,2026-04-23T09:58:40,1506
dbsql,5,pnl_rollup_multi_month,2026-04-23T09:58:35,2078
dbsql,5,pnl_rollup_multi_month,2026-04-23T09:58:30,1620
dbsql,5,pnl_rollup_multi_month,2026-04-23T09:58:25,2195
dbsql,5,pnl_rollup_multi_month,2026-04-23T09:58:20,1602
dbsql,5,pnl_rollup_multi_month,2026-04-23T09:58:15,1462
dbsql,5,pnl_rollup_multi_month,2026-04-23T09:58:10,2216
dbsql,5,pnl_rollup_multi_month,2026-04-23T09:58:05,830
dbsql,5,pnl_rollup_multi_month,2026-04-23T09:58:00,2778
dbsql,5,pnl_rollup_multi_month,2026-04-23T09:57:55,2419
dbsql,5,pnl_rollup_multi_month,2026-04-23T09:57:50,1081
dbsql,5,pnl_rollup_multi_month,2026-04-23T09:57:45,1127
dbsql,5,pnl_rollup_multi_month,2026-04-23T09:57:40,2477
dbsql,5,pnl_rollup_multi_month,2026-04-23T09:57:35,1401
dbsql,5,investor_commitment_summary,2026-04-23T10:00:00,2104
dbsql,5,investor_commitment_summary,2026-04-23T09:59:55,3002
dbsql,5,investor_commitment_summary,2026-04-23T09:59:50,2215
dbsql,5,investor_commitment_summary,2026-04-23T09:59:45,2821
dbsql,5,investor_commitment_summary,2026-04-23T09:59:40,2343
dbsql,5,investor_commitment_summary,2026-04-23T09:59:35,2848
dbsql,5,investor_commitment_summary,2026-04-23T09:59:30,2268
dbsql,5,investor_commitment_summary,2026-04-23T09:59:25,2458
dbsql,5,investor_commitment_summary,2026-04-23T09:59:20,2737
dbsql,5,investor_commitment_summary,2026-04-23T09:59:15,2059
dbsql,5,investor_commitment_summary,2026-04-23T09:59:10,3105
dbsql,5,investor_commitment_summary,2026-04-23T09:59:05,3601
dbsql,5,investor_commitment_summary,2026-04-23T09:59:00,1694
dbsql,5,investor_commitment_summary,2026-04-23T09:58:55,5016
dbsql,5,investor_commitment_summary,2026-04-23T09:58:50,2980
dbsql,5,investor_commitment_summary,2026-04-23T09:58:45,4288
dbsql,5,investor_commitment_summary,2026-04-23T09:58:40,2180
dbsql,5,investor_commitment_summary,2026-04-23T09:58:35,1981
dbsql,5,investor_commitment_summary,2026-04-23T09:58:30,1912
dbsql,5,investor_commitment_summary,2026-04-23T09:58:25,2222
dbsql,5,investor_commitment_summary,2026-04-23T09:58:20,3707
dbsql,5,investor_commitment_summary,2026-04-23T09:58:15,4246
dbsql,5,investor_commitment_summary,2026-04-23T09:58:10,4236
dbsql,5,investor_commitment_summary,2026-04-23T09:58:05,1937
dbsql,5,investor_commitment_summary,2026-04-23T09:58:00,2107
dbsql,5,investor_commitment_summary,2026-04-23T09:57:55,3409
dbsql,5,investor_commitment_summary,2026-04-23T09:57:50,2913
dbsql,5,investor_commitment_summary,2026-04-23T09:57:45,1882
dbsql,5,investor_commitment_summary,2026-04-23T09:57:40,5949
dbsql,5,investor_commitment_summary,2026-04-23T09:57:35,5085
dbsql,10,fund_performance_arena,2026-04-23T10:00:00,899
dbsql,10,fund_performance_arena,2026-04-23T09:59:55,412
dbsql,10,fund_performance_arena,2026-04-23T09:59:50,366
dbsql,10,fund_performance_arena,2026-04-23T09:59:45,365
dbsql,10,fund_performance_arena,2026-04-23T09:59:40,264
dbsql,10,fund_performance_arena,2026-04-23T09:59:35,678
dbsql,10,fund_performance_arena,2026-04-23T09:59:30,366
dbsql,10,fund_performance_arena,2026-04-23T09:59:25,271
dbsql,10,fund_performance_arena,2026-04-23T09:59:20,805
dbsql,10,fund_performance_arena,2026-04-23T09:59:15,492
dbsql,10,fund_performance_arena,2026-04-23T09:59:10,359
dbsql,10,fund_performance_arena,2026-04-23T09:59:05,313
dbsql,10,fund_performance_arena,2026-04-23T09:59:00,585
dbsql,10,fund_performance_arena,2026-04-23T09:58:55,498
dbsql,10,fund_performance_arena,2026-04-23T09:58:50,425
dbsql,10,fund_performance_arena,2026-04-23T09:58:45,568
dbsql,10,fund_performance_arena,2026-04-23T09:58:40,318
dbsql,10,fund_performance_arena,2026-04-23T09:58:35,232
dbsql,10,fund_performance_arena,2026-04-23T09:58:30,705
dbsql,10,fund_performance_arena,2026-04-23T09:58:25,353
dbsql,10,fund_performance_arena,2026-04-23T09:58:20,563
dbsql,10,fund_performance_arena,2026-04-23T09:58:15,310
dbsql,10,fund_performance_arena,2026-04-23T09:58:10,404
dbsql,10,fund_performance_arena,2026-04-23T09:58:05,549
dbsql,10,fund_performance_arena,2026-04-23T09:58:00,325
dbsql,10,fund_performance_arena,2026-04-23T09:57:55,355
dbsql,10,fund_performance_arena,2026-04-23T09:57:50,422
dbsql,10,fund_performance_arena,2026-04-23T09:57:45,251
dbsql,10,fund_performance_arena,2026-04-23T09:57:40,373
dbsql,10,fund_performance_arena,2026-04-23T09:57:35,330
dbsql,10,gl_monthly_by_arena_year,2026-04-23T10:00:00,601
dbsql,10,gl_monthly_by_arena_year,2026-04-23T09:59:55,841
dbsql,10,gl_monthly_by_arena_year,2026-04-23T09:59:50,614
dbsql,10,gl_monthly_by_arena_year,2026-04-23T09:59:45,922
dbsql,10,gl_monthly_by_arena_year,2026-04-23T09:59:40,1046
dbsql,10,gl_monthly_by_arena_year,2026-04-23T09:59:35,884
dbsql,10,gl_monthly_by_arena_year,2026-04-23T09:59:30,663
dbsql,10,gl_monthly_by_arena_year,2026-04-23T09:59:25,741
dbsql,10,gl_monthly_by_arena_year,2026-04-23T09:59:20,763
dbsql,10,gl_monthly_by_arena_year,2026-04-23T09:59:15,1318
dbsql,10,gl_monthly_by_arena_year,2026-04-23T09:59:10,817
dbsql,10,gl_monthly_by_arena_year,2026-04-23T09:59:05,908
dbsql,10,gl_monthly_by_arena_year,2026-04-23T09:59:00,931
dbsql,10,gl_monthly_by_arena_year,2026-04-23T09:58:55,1194
dbsql,10,gl_monthly_by_arena_year,2026-04-23T09:58:50,673
dbsql,10,gl_monthly_by_arena_year,2026-04-23T09:58:45,652
dbsql,10,gl_monthly_by_arena_year,2026-04-23T09:58:40,617
dbsql,10,gl_monthly_by_arena_year,2026-04-23T09:58:35,1189
dbsql,10,gl_monthly_by_arena_year,2026-04-23T09:58:30,771
dbsql,10,gl_monthly_by_arena_year,2026-04-23T09:58:25,709
dbsql,10,gl_monthly_by_arena_year,2026-04-23T09:58:20,937
dbsql,10,gl_monthly_by_arena_year,2026-04-23T09:58:15,785
dbsql,10,gl_monthly_by_arena_year,2026-04-23T09:58:10,571
dbsql,10,gl_monthly_by_arena_year,2026-04-23T09:58:05,642
dbsql,10,gl_monthly_by_arena_year,2026-04-23T09:58:00,657
dbsql,10,gl_monthly_by_arena_year,2026-04-23T09:57:55,806
dbsql,10,gl_monthly_by_arena_year,2026-04-23T09:57:50,643
dbsql,10,gl_monthly_by_arena_year,2026-04-23T09:57:45,932
dbsql,10,gl_monthly_by_arena_year,2026-04-23T09:57:40,659
dbsql,10,gl_monthly_by_arena_year,2026-04-23T09:57:35,990
dbsql,10,property_financials_joined,2026-04-23T10:00:00,809
dbsql,10,property_financials_joined,2026-04-23T09:59:55,1195
dbsql,10,property_financials_joined,2026-04-23T09:59:50,1355
dbsql,10,property_financials_joined,2026-04-23T09:59:45,1749
dbsql,10,property_financials_joined,2026-04-23T09:59:40,1371
dbsql,10,property_financials_joined,2026-04-23T09:59:35,911
dbsql,10,property_financials_joined,2026-04-23T09:59:30,827
dbsql,10,property_financials_joined,2026-04-23T09:59:25,2223
dbsql,10,property_financials_joined,2026-04-23T09:59:20,1561
dbsql,10,property_financials_joined,2026-04-23T09:59:15,779
dbsql,10,property_financials_joined,2026-04-23T09:59:10,1054
dbsql,10,property_financials_joined,2026-04-23T09:59:05,795
dbsql,10,property_financials_joined,2026-04-23T09:59:00,486
dbsql,10,property_financials_joined,2026-04-23T09:58:55,1058
dbsql,10,property_financials_joined,2026-04-23T09:58:50,869
dbsql,10,property_financials_joined,2026-04-23T09:58:45,1137
dbsql,10,property_financials_joined,2026-04-23T09:58:40,1696
dbsql,10,property_financials_joined,2026-04-23T09:58:35,850
dbsql,10,property_financials_joined,2026-04-23T09:58:30,653
dbsql,10,property_financials_joined,2026-04-23T09:58:25,1380
dbsql,10,property_financials_joined,2026-04-23T09:58:20,829
dbsql,10,property_financials_joined,2026-04-23T09:58:15,2114
dbsql,10,property_financials_joined,2026-04-23T09:58:10,1115
dbsql,10,property_financials_joined,2026-04-23T09:58:05,489
dbsql,10,property_financials_joined,2026-04-23T09:58:00,1217
dbsql,10,property_financials_joined,2026-04-23T09:57:55,936
dbsql,10,property_financials_joined,2026-04-23T09:57:50,793
dbsql,10,property_financials_joined,2026-04-23T09:57:45,1922
dbsql,10,property_financials_joined,2026-04-23T09:57:40,979
dbsql,10,property_financials_joined,2026-04-23T09:57:35,1071
dbsql,10,top10_properties_by_revenue,2026-04-23T10:00:00,2057
dbsql,10,top10_properties_by_revenue,2026-04-23T09:59:55,1855
dbsql,10,top10_properties_by_revenue,2026-04-23T09:59:50,1292
dbsql,10,top10_properties_by_revenue,2026-04-23T09:59:45,2722
dbsql,10,top10_properties_by_revenue,2026-04-23T09:59:40,900
dbsql,10,top10_properties_by_revenue,2026-04-23T09:59:35,2070
dbsql,10,top10_properties_by_revenue,2026-04-23T09:59:30,2330
dbsql,10,top10_properties_by_revenue,2026-04-23T09:59:25,2001
dbsql,10,top10_properties_by_revenue,2026-04-23T09:59:20,2176
dbsql,10,top10_properties_by_revenue,2026-04-23T09:59:15,1366
dbsql,10,top10_properties_by_revenue,2026-04-23T09:59:10,1561
dbsql,10,top10_properties_by_revenue,2026-04-23T09:59:05,1762
dbsql,10,top10_properties_by_revenue,2026-04-23T09:59:00,1630
dbsql,10,top10_properties_by_revenue,2026-04-23T09:58:55,1522
dbsql,10,top10_properties_by_revenue,2026-04-23T09:58:50,1197
dbsql,10,top10_properties_by_revenue,2026-04-23T09:58:45,1094
dbsql,10,top10_properties_by_revenue,2026-04-23T09:58:40,3231
dbsql,10,top10_properties_by_revenue,2026-04-23T09:58:35,816
dbsql,10,top10_properties_by_revenue,2026-04-23T09:58:30,1327
dbsql,10,top10_properties_by_revenue,2026-04-23T09:58:25,1053
dbsql,10,top10_properties_by_revenue,2026-04-23T09:58:20,856
dbsql,10,top10_properties_by_revenue,2026-04-23T09:58:15,1290
dbsql,10,top10_properties_by_revenue,2026-04-23T09:58:10,644
dbsql,10,top10_properties_by_revenue,2026-04-23T09:58:05,1296
dbsql,10,top10_properties_by_revenue,2026-04-23T09:58:00,3643
dbsql,10,top10_properties_by_revenue,2026-04-23T09:57:55,1483
dbsql,10,top10_properties_by_revenue,2026-04-23T09:57:50,1337
dbsql,10,top10_properties_by_revenue,2026-04-23T09:57:45,1127
dbsql,10,top10_properties_by_revenue,2026-04-23T09:57:40,1303
dbsql,10,top10_properties_by_revenue,2026-04-23T09:57:35,2321
dbsql,10,pnl_rollup_multi_month,2026-04-23T10:00:00,1323
dbsql,10,pnl_rollup_multi_month,2026-04-23T09:59:55,2704
dbsql,10,pnl_rollup_multi_month,2026-04-23T09:59:50,2146
dbsql,10,pnl_rollup_multi_month,2026-04-23T09:59:45,1103
dbsql,10,pnl_rollup_multi_month,2026-04-23T09:59:40,1899
dbsql,10,pnl_rollup_multi_month,2026-04-23T09:59:35,1026
dbsql,10,pnl_rollup_multi_month,2026-04-23T09:59:30,2231
dbsql,10,pnl_rollup_multi_month,2026-04-23T09:59:25,3068
dbsql,10,pnl_rollup_multi_month,2026-04-23T09:59:20,1805
dbsql,10,pnl_rollup_multi_month,2026-04-23T09:59:15,1028
dbsql,10,pnl_rollup_multi_month,2026-04-23T09:59:10,1098
dbsql,10,pnl_rollup_multi_month,2026-04-23T09:59:05,2158
dbsql,10,pnl_rollup_multi_month,2026-04-23T09:59:00,2329
dbsql,10,pnl_rollup_multi_month,2026-04-23T09:58:55,1359
dbsql,10,pnl_rollup_multi_month,2026-04-23T09:58:50,2079
dbsql,10,pnl_rollup_multi_month,2026-04-23T09:58:45,2573
dbsql,10,pnl_rollup_multi_month,2026-04-23T09:58:40,1229
dbsql,10,pnl_rollup_multi_month,2026-04-23T09:58:35,2128
dbsql,10,pnl_rollup_multi_month,2026-04-23T09:58:30,748
dbsql,10,pnl_rollup_multi_month,2026-04-23T09:58:25,1757
dbsql,10,pnl_rollup_multi_month,2026-04-23T09:58:20,1809
dbsql,10,pnl_rollup_multi_month,2026-04-23T09:58:15,2282
dbsql,10,pnl_rollup_multi_month,2026-04-23T09:58:10,2747
dbsql,10,pnl_rollup_multi_month,2026-04-23T09:58:05,1425
dbsql,10,pnl_rollup_multi_month,2026-04-23T09:58:00,2142
dbsql,10,pnl_rollup_multi_month,2026-04-23T09:57:55,2643
dbsql,10,pnl_rollup_multi_month,2026-04-23T09:57:50,1994
dbsql,10,pnl_rollup_multi_month,2026-04-23T09:57:45,2143
dbsql,10,pnl_rollup_multi_month,2026-04-23T09:57:40,2371
dbsql,10,pnl_rollup_multi_month,2026-04-23T09:57:35,1664
dbsql,10,investor_commitment_summary,2026-04-23T10:00:00,2906
dbsql,10,investor_commitment_summary,2026-04-23T09:59:55,4063
dbsql,10,investor_commitment_summary,2026-04-23T09:59:50,2079
dbsql,10,investor_commitment_summary,2026-04-23T09:59:45,3383
dbsql,10,investor_commitment_summary,2026-04-23T09:59:40,3185
dbsql,10,investor_commitment_summary,2026-04-23T09:59:35,3694
dbsql,10,investor_commitment_summary,2026-04-23T09:59:30,3435
dbsql,10,investor_commitment_summary,2026-04-23T09:59:25,2360
dbsql,10,investor_commitment_summary,2026-04-23T09:59:20,2196
dbsql,10,investor_commitment_summary,2026-04-23T09:59:15,1617
dbsql,10,investor_commitment_summary,2026-04-23T09:59:10,2604
dbsql,10,investor_commitment_summary,2026-04-23T09:59:05,2951
dbsql,10,investor_commitment_summary,2026-04-23T09:59:00,4365
dbsql,10,investor_commitment_summary,2026-04-23T09:58:55,3334
dbsql,10,investor_commitment_summary,2026-04-23T09:58:50,1787
dbsql,10,investor_commitment_summary,2026-04-23T09:58:45,3436
dbsql,10,investor_commitment_summary,2026-04-23T09:58:40,2446
dbsql,10,investor_commitment_summary,2026-04-23T09:58:35,2890
dbsql,10,investor_commitment_summary,2026-04-23T09:58:30,1570
dbsql,10,investor_commitment_summary,2026-04-23T09:58:25,1925
dbsql,10,investor_commitment_summary,2026-04-23T09:58:20,3331
dbsql,10,investor_commitment_summary,2026-04-23T09:58:15,2542
dbsql,10,investor_commitment_summary,2026-04-23T09:58:10,5403
dbsql,10,investor_commitment_summary,2026-04-23T09:58:05,2154
dbsql,10,investor_commitment_summary,2026-04-23T09:58:00,4333
dbsql,10,investor_commitment_summary,2026-04-23T09:57:55,1869
dbsql,10,investor_commitment_summary,2026-04-23T09:57:50,4942
dbsql,10,investor_commitment_summary,2026-04-23T09:57:45,3618
dbsql,10,investor_commitment_summary,2026-04-23T09:57:40,3354
dbsql,10,investor_commitment_summary,2026-04-23T09:57:35,2616
dbsql,20,fund_performance_arena,2026-04-23T10:00:00,815
dbsql,20,fund_performance_arena,2026-04-23T09:59:55,340
dbsql,20,fund_performance_arena,2026-04-23T09:59:50,424
dbsql,20,fund_performance_arena,2026-04-23T09:59:45,920
dbsql,20,fund_performance_arena,2026-04-23T09:59:40,438
dbsql,20,fund_performance_arena,2026-04-23T09:59:35,376
dbsql,20,fund_performance_arena,2026-04-23T09:59:30,679
dbsql,20,fund_performance_arena,2026-04-23T09:59:25,677
dbsql,20,fund_performance_arena,2026-04-23T09:59:20,541
dbsql,20,fund_performance_arena,2026-04-23T09:59:15,485
dbsql,20,fund_performance_arena,2026-04-23T09:59:10,226
dbsql,20,fund_performance_arena,2026-04-23T09:59:05,368
dbsql,20,fund_performance_arena,2026-04-23T09:59:00,550
dbsql,20,fund_performance_arena,2026-04-23T09:58:55,735
dbsql,20,fund_performance_arena,2026-04-23T09:58:50,513
dbsql,20,fund_performance_arena,2026-04-23T09:58:45,460
dbsql,20,fund_performance_arena,2026-04-23T09:58:40,290
dbsql,20,fund_performance_arena,2026-04-23T09:58:35,429
dbsql,20,fund_performance_arena,2026-04-23T09:58:30,409
dbsql,20,fund_performance_arena,2026-04-23T09:58:25,373
dbsql,20,fund_performance_arena,2026-04-23T09:58:20,447
dbsql,20,fund_performance_arena,2026-04-23T09:58:15,461
dbsql,20,fund_performance_arena,2026-04-23T09:58:10,309
dbsql,20,fund_performance_arena,2026-04-23T09:58:05,249
dbsql,20,fund_performance_arena,2026-04-23T09:58:00,514
dbsql,20,fund_performance_arena,2026-04-23T09:57:55,466
dbsql,20,fund_performance_arena,2026-04-23T09:57:50,425
dbsql,20,fund_performance_arena,2026-04-23T09:57:45,341
dbsql,20,fund_performance_arena,2026-04-23T09:57:40,510
dbsql,20,fund_performance_arena,2026-04-23T09:57:35,442
dbsql,20,gl_monthly_by_arena_year,2026-04-23T10:00:00,939
dbsql,20,gl_monthly_by_arena_year,2026-04-23T09:59:55,991
dbsql,20,gl_monthly_by_arena_year,2026-04-23T09:59:50,463
dbsql,20,gl_monthly_by_arena_year,2026-04-23T09:59:45,1203
dbsql,20,gl_monthly_by_arena_year,2026-04-23T09:59:40,848
dbsql,20,gl_monthly_by_arena_year,2026-04-23T09:59:35,378
dbsql,20,gl_monthly_by_arena_year,2026-04-23T09:59:30,942
dbsql,20,gl_monthly_by_arena_year,2026-04-23T09:59:25,880
dbsql,20,gl_monthly_by_arena_year,2026-04-23T09:59:20,1242
dbsql,20,gl_monthly_by_arena_year,2026-04-23T09:59:15,721
dbsql,20,gl_monthly_by_arena_year,2026-04-23T09:59:10,939
dbsql,20,gl_monthly_by_arena_year,2026-04-23T09:59:05,403
dbsql,20,gl_monthly_by_arena_year,2026-04-23T09:59:00,1328
dbsql,20,gl_monthly_by_arena_year,2026-04-23T09:58:55,1092
dbsql,20,gl_monthly_by_arena_year,2026-04-23T09:58:50,523
dbsql,20,gl_monthly_by_arena_year,2026-04-23T09:58:45,827
dbsql,20,gl_monthly_by_arena_year,2026-04-23T09:58:40,794
dbsql,20,gl_monthly_by_arena_year,2026-04-23T09:58:35,1103
dbsql,20,gl_monthly_by_arena_year,2026-04-23T09:58:30,966
dbsql,20,gl_monthly_by_arena_year,2026-04-23T09:58:25,563
dbsql,20,gl_monthly_by_arena_year,2026-04-23T09:58:20,1357
dbsql,20,gl_monthly_by_arena_year,2026-04-23T09:58:15,814
dbsql,20,gl_monthly_by_arena_year,2026-04-23T09:58:10,1008
dbsql,20,gl_monthly_by_arena_year,2026-04-23T09:58:05,785
dbsql,20,gl_monthly_by_arena_year,2026-04-23T09:58:00,681
dbsql,20,gl_monthly_by_arena_year,2026-04-23T09:57:55,1004
dbsql,20,gl_monthly_by_arena_year,2026-04-23T09:57:50,1934
dbsql,20,gl_monthly_by_arena_year,2026-04-23T09:57:45,896
dbsql,20,gl_monthly_by_arena_year,2026-04-23T09:57:40,901
dbsql,20,gl_monthly_by_arena_year,2026-04-23T09:57:35,611
dbsql,20,property_financials_joined,2026-04-23T10:00:00,1968
dbsql,20,property_financials_joined,2026-04-23T09:59:55,1342
dbsql,20,property_financials_joined,2026-04-23T09:59:50,791
dbsql,20,property_financials_joined,2026-04-23T09:59:45,1099
dbsql,20,property_financials_joined,2026-04-23T09:59:40,1343
dbsql,20,property_financials_joined,2026-04-23T09:59:35,2889
dbsql,20,property_financials_joined,2026-04-23T09:59:30,487
dbsql,20,property_financials_joined,2026-04-23T09:59:25,1666
dbsql,20,property_financials_joined,2026-04-23T09:59:20,1284
dbsql,20,property_financials_joined,2026-04-23T09:59:15,1352
dbsql,20,property_financials_joined,2026-04-23T09:59:10,952
dbsql,20,property_financials_joined,2026-04-23T09:59:05,2184
dbsql,20,property_financials_joined,2026-04-23T09:59:00,686
dbsql,20,property_financials_joined,2026-04-23T09:58:55,1575
dbsql,20,property_financials_joined,2026-04-23T09:58:50,544
dbsql,20,property_financials_joined,2026-04-23T09:58:45,1454
dbsql,20,property_financials_joined,2026-04-23T09:58:40,1713
dbsql,20,property_financials_joined,2026-04-23T09:58:35,1166
dbsql,20,property_financials_joined,2026-04-23T09:58:30,762
dbsql,20,property_financials_joined,2026-04-23T09:58:25,1602
dbsql,20,property_financials_joined,2026-04-23T09:58:20,1584
dbsql,20,property_financials_joined,2026-04-23T09:58:15,1491
dbsql,20,property_financials_joined,2026-04-23T09:58:10,1678
dbsql,20,property_financials_joined,2026-04-23T09:58:05,614
dbsql,20,property_financials_joined,2026-04-23T09:58:00,900
dbsql,20,property_financials_joined,2026-04-23T09:57:55,1145
dbsql,20,property_financials_joined,2026-04-23T09:57:50,1026
dbsql,20,property_financials_joined,2026-04-23T09:57:45,662
dbsql,20,property_financials_joined,2026-04-23T09:57:40,907
dbsql,20,property_financials_joined,2026-04-23T09:57:35,1312
dbsql,20,top10_properties_by_revenue,2026-04-23T10:00:00,1172
dbsql,20,top10_properties_by_revenue,2026-04-23T09:59:55,1957
dbsql,20,top10_properties_by_revenue,2026-04-23T09:59:50,1573
dbsql,20,top10_properties_by_revenue,2026-04-23T09:59:45,1074
dbsql,20,top10_properties_by_revenue,2026-04-23T09:59:40,1385
dbsql,20,top10_properties_by_revenue,2026-04-23T09:59:35,1602
dbsql,20,top10_properties_by_revenue,2026-04-23T09:59:30,1633
dbsql,20,top10_properties_by_revenue,2026-04-23T09:59:25,1288
dbsql,20,top10_properties_by_revenue,2026-04-23T09:59:20,1361
dbsql,20,top10_properties_by_revenue,2026-04-23T09:59:15,804
dbsql,20,top10_properties_by_revenue,2026-04-23T09:59:10,1132
dbsql,20,top10_properties_by_revenue,2026-04-23T09:59:05,1909
dbsql,20,top10_properties_by_revenue,2026-04-23T09:59:00,2463
dbsql,20,top10_properties_by_revenue,2026-04-23T09:58:55,1648
dbsql,20,top10_properties_by_revenue,2026-04-23T09:58:50,1089
dbsql,20,top10_properties_by_revenue,2026-04-23T09:58:45,1540
dbsql,20,top10_properties_by_revenue,2026-04-23T09:58:40,2143
dbsql,20,top10_properties_by_revenue,2026-04-23T09:58:35,1872
dbsql,20,top10_properties_by_revenue,2026-04-23T09:58:30,1631
dbsql,20,top10_properties_by_revenue,2026-04-23T09:58:25,1515
dbsql,20,top10_properties_by_revenue,2026-04-23T09:58:20,1720
dbsql,20,top10_properties_by_revenue,2026-04-23T09:58:15,1899
dbsql,20,top10_properties_by_revenue,2026-04-23T09:58:10,1536
dbsql,20,top10_properties_by_revenue,2026-04-23T09:58:05,2377
dbsql,20,top10_properties_by_revenue,2026-04-23T09:58:00,1689
dbsql,20,top10_properties_by_revenue,2026-04-23T09:57:55,1258
dbsql,20,top10_properties_by_revenue,2026-04-23T09:57:50,1830
dbsql,20,top10_properties_by_revenue,2026-04-23T09:57:45,1690
dbsql,20,top10_properties_by_revenue,2026-04-23T09:57:40,2133
dbsql,20,top10_properties_by_revenue,2026-04-23T09:57:35,1893
dbsql,20,pnl_rollup_multi_month,2026-04-23T10:00:00,1844
dbsql,20,pnl_rollup_multi_month,2026-04-23T09:59:55,2789
dbsql,20,pnl_rollup_multi_month,2026-04-23T09:59:50,1745
dbsql,20,pnl_rollup_multi_month,2026-04-23T09:59:45,2032
dbsql,20,pnl_rollup_multi_month,2026-04-23T09:59:40,1468
dbsql,20,pnl_rollup_multi_month,2026-04-23T09:59:35,3113
dbsql,20,pnl_rollup_multi_month,2026-04-23T09:59:30,4043
dbsql,20,pnl_rollup_multi_month,2026-04-23T09:59:25,2258
dbsql,20,pnl_rollup_multi_month,2026-04-23T09:59:20,2382
dbsql,20,pnl_rollup_multi_month,2026-04-23T09:59:15,3091
dbsql,20,pnl_rollup_multi_month,2026-04-23T09:59:10,1791
dbsql,20,pnl_rollup_multi_month,2026-04-23T09:59:05,2515
dbsql,20,pnl_rollup_multi_month,2026-04-23T09:59:00,1618
dbsql,20,pnl_rollup_multi_month,2026-04-23T09:58:55,2697
dbsql,20,pnl_rollup_multi_month,2026-04-23T09:58:50,1995
dbsql,20,pnl_rollup_multi_month,2026-04-23T09:58:45,1836
dbsql,20,pnl_rollup_multi_month,2026-04-23T09:58:40,2077
dbsql,20,pnl_rollup_multi_month,2026-04-23T09:58:35,1099
dbsql,20,pnl_rollup_multi_month,2026-04-23T09:58:30,1117
dbsql,20,pnl_rollup_multi_month,2026-04-23T09:58:25,2988
dbsql,20,pnl_rollup_multi_month,2026-04-23T09:58:20,1945
dbsql,20,pnl_rollup_multi_month,2026-04-23T09:58:15,1587
dbsql,20,pnl_rollup_multi_month,2026-04-23T09:58:10,2235
dbsql,20,pnl_rollup_multi_month,2026-04-23T09:58:05,1732
dbsql,20,pnl_rollup_multi_month,2026-04-23T09:58:00,1105
dbsql,20,pnl_rollup_multi_month,2026-04-23T09:57:55,1653
dbsql,20,pnl_rollup_multi_month,2026-04-23T09:57:50,3206
dbsql,20,pnl_rollup_multi_month,2026-04-23T09:57:45,1859
dbsql,20,pnl_rollup_multi_month,2026-04-23T09:57:40,2182
dbsql,20,pnl_rollup_multi_month,2026-04-23T09:57:35,3149
dbsql,20,investor_commitment_summary,2026-04-23T10:00:00,4096
dbsql,20,investor_commitment_summary,2026-04-23T09:59:55,3290
dbsql,20,investor_commitment_summary,2026-04-23T09:59:50,3202
dbsql,20,investor_commitment_summary,2026-04-23T09:59:45,3463
dbsql,20,investor_commitment_summary,2026-04-23T09:59:40,5677
dbsql,20,investor_commitment_summary,2026-04-23T09:59:35,3412
dbsql,20,investor_commitment_summary,2026-04-23T09:59:30,4137
dbsql,20,investor_commitment_summary,2026-04-23T09:59:25,1537
dbsql,20,investor_commitment_summary,2026-04-23T09:59:20,3884
dbsql,20,investor_commitment_summary,2026-04-23T09:59:15,3053
dbsql,20,investor_commitment_summary,2026-04-23T09:59:10,2815
dbsql,20,investor_commitment_summary,2026-04-23T09:59:05,6062
dbsql,20,investor_commitment_summary,2026-04-23T09:59:00,5136
dbsql,20,investor_commitment_summary,2026-04-23T09:58:55,2109
dbsql,20,investor_commitment_summary,2026-04-23T09:58:50,3065
dbsql,20,investor_commitment_summary,2026-04-23T09:58:45,3139
dbsql,20,investor_commitment_summary,2026-04-23T09:58:40,2293
dbsql,20,investor_commitment_summary,2026-04-23T09:58:35,2102
dbsql,20,investor_commitment_summary,2026-04-23T09:58:30,4677
dbsql,20,investor_commitment_summary,2026-04-23T09:58:25,3083
dbsql,20,investor_commitment_summary,2026-04-23T09:58:20,2232
dbsql,20,investor_commitment_summary,2026-04-23T09:58:15,3438
dbsql,20,investor_commitment_summary,2026-04-23T09:58:10,4189
dbsql,20,investor_commitment_summary,2026-04-23T09:58:05,3293
dbsql,20,investor_commitment_summary,2026-04-23T09:58:00,3687
dbsql,20,investor_commitment_summary,2026-04-23T09:57:55,5579
dbsql,20,investor_commitment_summary,2026-04-23T09:57:50,3240
dbsql,20,investor_commitment_summary,2026-04-23T09:57:45,5286
dbsql,20,investor_commitment_summary,2026-04-23T09:57:40,1635
dbsql,20,investor_commitment_summary,2026-04-23T09:57:35,3140
